2018-01-02,Harju Elekter (ISIN EE3100004250),50,"249,00 €",0,"250,53 €"
2018-01-02,JSC SAF Tehnika (ISIN LV0000101129),180,"1.153,80 €","2,88 €","1.250,91 €"
2018-01-02,Harju Elekter (ISIN EE3100004250),310,"1.543,80 €","3,86 €","1.564,78 €"
2018-01-02,"AB ,,AUGA group"" PVA (ISIN LT0000127466)",1000,"548,00 €","0,03 €","542,16 €"
2018-01-02,Harju Elekter (ISIN EE3100004250),100,"498,00 €","1,24 €","501,53 €"
2018-01-02,"AB ,,AUGA group"" PVA (ISIN LT0000127466)",485,"265,78 €","2,00 €","262,95 €"
2018-01-03,JSC Grindeks (ISIN LV0000100659),8,"54,80 €","2,00 €","54,23 €"
2018-01-03,JSC Grindeks (ISIN LV0000100659),102,"698,70 €","0,00 €","688,22 €"
2018-01-03,Harju Elekter (ISIN EE3100004250),35,"175,00 €","2,00 €","175,37 €"
2018-01-03,Harju Elekter (ISIN EE3100004250),20,"99,60 €","0,25 €","100,21 €"
2018-01-03,Harju Elekter (ISIN EE3100004250),100,"498,00 €","1,25 €","501,06 €"
2018-01-03,Harju Elekter (ISIN EE3100004250),55,"273,90 €","0,68 €","275,58 €"
2018-01-03,Harju Elekter (ISIN EE3100004250),25,"124,50 €","0,31 €","125,27 €"
2018-01-03,Harju Elekter (ISIN EE3100004250),100,"500,00 €","0,00 €","501,39 €"
2018-01-03,Harju Elekter (ISIN EE3100004250),65,"325,00 €","2,00 €","326,30 €"
2018-01-03,JSC SAF Tehnika (ISIN LV0000101129),38,"245,10 €","0,23 €","252,12 €"
2018-01-03,JSC SAF Tehnika (ISIN LV0000101129),100,"645,00 €","2,00 €","682,71 €"
2018-01-03,Harju Elekter (ISIN EE3100004250),200,"1.000,00 €","1,31 €","1.002,20 €"
2018-01-03,JSC Valmieras stikla skiedra (ISIN LV0000100485),190,"703,00 €","2,00 €","740,48 €"
2018-01-03,JSC Grindeks (ISIN LV0000100659),250,"1.700,00 €","4,25 €","1.704,86 €"
2018-01-03,"AB ,,AUGA group"" PVA (ISIN LT0000127466)",1975,"1.082,30 €","2,71 €","1.070,94 €"
2018-01-03,"AB ,,AUGA group"" PVA (ISIN LT0000127466)",100,"54,80 €","0,14 €","54,22 €"
2018-01-03,"AB ,,AUGA group"" PVA (ISIN LT0000127466)",1000,"548,00 €","1,37 €","542,16 €"
2018-01-03,"AB ,,AUGA group"" PVA (ISIN LT0000127466)",1000,"548,00 €","1,37 €","542,16 €"
2018-01-04,JSC Valmieras stikla skiedra (ISIN LV0000100485),15,"55,20 €","2,00 €","57,67 €"
2018-01-04,"AB ,,AUGA group"" PVA (ISIN LT0000127466)",1440,"792,00 €","1,98 €","781,32 €"
2018-01-04,JSC Valmieras stikla skiedra (ISIN LV0000100485),450,"1.656,00 €","3,52 €","1.721,72 €"
2018-01-04,JSC Valmieras stikla skiedra (ISIN LV0000100485),135,"496,80 €","0,00 €","519,02 €"
2018-01-05,"AB ,,AUGA group"" PVA (ISIN LT0000127466)",644,"373,52 €","0,18 €","349,27 €"
2018-01-05,"AB ,,AUGA group"" PVA (ISIN LT0000127466)",500,"290,00 €","0,00 €","271,07 €"
2018-01-05,"AB ,,AUGA group"" PVA (ISIN LT0000127466)",327,"189,66 €","0,00 €","177,14 €"
2018-01-05,"AB ,,AUGA group"" PVA (ISIN LT0000127466)",29,"16,82 €","2,00 €","15,71 €"
2018-01-05,JSC Valmieras stikla skiedra (ISIN LV0000100485),44,"162,80 €","2,00 €","167,00 €"
2018-01-05,"AB ,,AUGA group"" PVA (ISIN LT0000127466)",2000,"1.170,00 €","2,93 €","1.084,70 €"
2018-01-05,Harju Elekter (ISIN EE3100004250),160,"848,00 €","2,12 €","801,76 €"
2018-01-08,"AB ,,AUGA group"" PVA (ISIN LT0000127466)",632,"395,00 €","2,00 €","342,77 €"
2018-01-08,JSC Valmieras stikla skiedra (ISIN LV0000100485),176,"651,20 €","0,04 €","668,39 €"
2018-01-08,"AB ,,AUGA group"" PVA (ISIN LT0000127466)",109,"67,04 €","0,17 €","59,01 €"
2018-01-08,Harju Elekter (ISIN EE3100004250),13,"69,42 €","0,17 €","65,94 €"
2018-01-08,Harju Elekter (ISIN EE3100004250),92,"491,28 €","1,23 €","466,68 €"
2018-01-08,Harju Elekter (ISIN EE3100004250),200,"1.068,00 €","1,54 €","991,70 €"
2018-01-08,Harju Elekter (ISIN EE3100004250),65,"347,10 €","2,00 €","321,10 €"
2018-01-08,Harju Elekter (ISIN EE3100004250),88,"466,40 €","0,52 €","439,42 €"
2018-01-08,Harju Elekter (ISIN EE3100004250),101,"535,30 €","0,00 €","506,11 €"
2018-01-08,Harju Elekter (ISIN EE3100004250),1,"5,30 €","2,00 €","5,01 €"
2018-01-08,"AB ,,AUGA group"" PVA (ISIN LT0000127466)",1391,"855,47 €","2,14 €","753,54 €"
2018-01-08,"AB ,,AUGA group"" PVA (ISIN LT0000127466)",500,"312,50 €","0,00 €","271,18 €"
2018-01-08,JSC SAF Tehnika (ISIN LV0000101129),37,"249,75 €","2,00 €","233,10 €"
2018-01-08,"AB ,,AUGA group"" PVA (ISIN LT0000127466)",1500,"915,00 €","2,29 €","813,53 €"
2018-01-08,"AB ,,AUGA group"" PVA (ISIN LT0000127466)",1500,"937,50 €","2,34 €","812,46 €"
2018-01-09,"AB ,,LITGRID"" PVA (ISIN LT0000128415)",150,"105,75 €","2,00 €","105,95 €"
2018-01-09,Harju Elekter (ISIN EE3100004250),25,"133,00 €","0,00 €","126,82 €"
2018-01-09,Harju Elekter (ISIN EE3100004250),30,"159,60 €","2,00 €","152,18 €"
2018-01-09,Harju Elekter (ISIN EE3100004250),105,"558,60 €","0,13 €","532,63 €"
2018-01-09,"AB ,,AUGA group"" PVA (ISIN LT0000127466)",1045,"663,58 €","0,02 €","640,55 €"
2018-01-09,"AB ,,AUGA group"" PVA (ISIN LT0000127466)",225,"142,88 €","2,00 €","122,03 €"
2018-01-09,JSC SAF Tehnika (ISIN LV0000101129),18,"121,50 €","0,00 €","113,40 €"
2018-01-09,JSC Grindeks (ISIN LV0000100659),10,"74,40 €","2,00 €","68,27 €"
2018-01-09,JSC Grindeks (ISIN LV0000100659),105,"781,20 €","0,14 €","714,13 €"
2018-01-09,Harju Elekter (ISIN EE3100004250),160,"851,20 €","2,13 €","811,62 €"
2018-01-09,JSC Grindeks (ISIN LV0000100659),6,"44,64 €","0,11 €","40,60 €"
2018-01-09,JSC Grindeks (ISIN LV0000100659),127,"944,88 €","2,36 €","859,40 €"
2018-01-10,JSC Rigas kugu buvetava (ISIN LV0000100378),100,"27,80 €","2,00 €","30,60 €"
2018-01-10,Harju Elekter (ISIN EE3100004250),190,"1.041,20 €","2,60 €","963,80 €"
2018-01-10,Harju Elekter (ISIN EE3100004250),180,"986,40 €","2,47 €","914,48 €"
2018-01-10,Harju Elekter (ISIN EE3100004250),10,"54,80 €","0,13 €","52,13 €"
2018-01-10,Harju Elekter (ISIN EE3100004250),90,"493,20 €","2,00 €","469,21 €"
2018-01-10,Harju Elekter (ISIN EE3100004250),120,"657,60 €","0,88 €","636,79 €"
2018-01-10,Harju Elekter (ISIN EE3100004250),70,"383,60 €","0,96 €","374,73 €"
2018-01-10,Harju Elekter (ISIN EE3100004250),120,"657,60 €","2,00 €","642,40 €"
2018-01-10,JSC Latvijas Gaze (ISIN LV0000100899),40,"412,00 €","2,00 €","429,07 €"
2018-01-10,JSC Olainfarm (ISIN LV0000100501),36,"306,00 €","2,00 €","307,49 €"
2018-01-10,JSC Olainfarm (ISIN LV0000100501),214,"1.819,00 €","3,31 €","1.835,14 €"
2018-01-10,JSC Olainfarm (ISIN LV0000100501),250,"2.125,00 €","5,31 €","2.149,69 €"
2018-01-10,JSC Olainfarm (ISIN LV0000100501),176,"1.496,00 €","3,74 €","1.423,19 €"
2018-01-11,Harju Elekter (ISIN EE3100004250),120,"657,60 €","2,00 €","642,40 €"
2018-01-11,Harju Elekter (ISIN EE3100004250),30,"164,40 €","0,06 €","160,60 €"
2018-01-11,Harju Elekter (ISIN EE3100004250),44,"241,12 €","2,00 €","235,54 €"
2018-01-11,Harju Elekter (ISIN EE3100004250),106,"580,88 €","0,06 €","567,46 €"
2018-01-11,Harju Elekter (ISIN EE3100004250),100,"546,00 €","2,00 €","535,34 €"
2018-01-11,Harju Elekter (ISIN EE3100004250),60,"327,60 €","0,18 €","321,20 €"
2018-01-11,JSC Latvijas Gaze (ISIN LV0000100899),28,"288,40 €","2,00 €","284,80 €"
2018-01-11,JSC Latvijas Gaze (ISIN LV0000100899),48,"494,40 €","2,00 €","499,24 €"
2018-01-11,JSC Latvijas Gaze (ISIN LV0000100899),42,"432,60 €","0,32 €","433,68 €"
2018-01-11,JSC Latvijas Gaze (ISIN LV0000100899),5,"51,50 €","0,13 €","51,63 €"
2018-01-11,JSC Latvijas Gaze (ISIN LV0000100899),3,"30,90 €","0,07 €","30,98 €"
2018-01-11,JSC Latvijas Gaze (ISIN LV0000100899),22,"226,60 €","0,57 €","227,17 €"
2018-01-11,JSC Latvijas Gaze (ISIN LV0000100899),55,"566,50 €","0,45 €","589,97 €"
2018-01-12,Harju Elekter (ISIN EE3100004250),180,"982,80 €","2,46 €","963,60 €"
2018-01-12,JSC Latvijas Gaze (ISIN LV0000100899),72,"748,80 €","0,59 €","725,55 €"
2018-01-12,Harju Elekter (ISIN EE3100004250),180,"979,20 €","2,45 €","975,63 €"
2018-01-15,"AB ,,LITGRID"" PVA (ISIN LT0000128415)",974,"686,67 €","0,00 €","674,98 €"
2018-01-18,JSC Valmieras stikla skiedra (ISIN LV0000100485),60,"226,80 €","2,00 €","227,97 €"
2018-01-18,"AB ,,AUGA group"" PVA (ISIN LT0000127466)",40,"24,80 €","2,00 €","25,26 €"
2018-01-18,"AB ,,INVALDA INVL"" PVA (ISIN LT0000102279)",100,"530,00 €","1,33 €","531,33 €"
2018-01-18,"AB ,,INVALDA INVL"" PVA (ISIN LT0000102279)",200,"1.060,00 €","2,65 €","1.064,16 €"
2018-01-19,JSC Rigas kugu buvetava (ISIN LV0000100378),1800,"500,40 €","0,00 €","549,35 €"
2018-01-19,JSC Olainfarm (ISIN LV0000100501),819,"6.797,70 €","16,99 €","6.599,48 €"
2018-01-19,Olympic Entertainment Group (ISIN EE3100084021),518,"950,53 €","2,38 €","955,50 €"
2018-01-22,Olympic Entertainment Group (ISIN EE3100084021),1482,"2.719,47 €","6,80 €","2.733,70 €"
2018-01-22,JSC Olainfarm (ISIN LV0000100501),104,"884,00 €","2,21 €","860,54 €"
2018-01-22,JSC Olainfarm (ISIN LV0000100501),70,"595,00 €","1,49 €","585,96 €"
2018-01-23,Harju Elekter (ISIN EE3100004250),15,"86,40 €","2,00 €","84,21 €"
2018-01-23,"AB ,,INVALDA INVL"" PVA (ISIN LT0000102279)",150,"787,50 €","2,00 €","796,99 €"
2018-01-23,JSC Latvijas Gaze (ISIN LV0000100899),95,"988,00 €","2,47 €","952,55 €"
2018-01-23,Tallink Grupp (ISIN EE3100004466),1500,"1.890,00 €","4,73 €","1.789,46 €"
2018-01-24,Harju Elekter (ISIN EE3100004250),100,"576,00 €","0,00 €","561,40 €"
2018-01-24,Harju Elekter (ISIN EE3100004250),20,"115,20 €","0,00 €","112,28 €"
2018-01-24,Harju Elekter (ISIN EE3100004250),10,"57,60 €","0,09 €","56,14 €"
2018-01-24,JSC Olainfarm (ISIN LV0000100501),99,"881,10 €","0,23 €","854,69 €"
2018-01-24,Harju Elekter (ISIN EE3100004250),200,"1.180,00 €","2,95 €","1.122,80 €"
2018-01-24,JSC Olainfarm (ISIN LV0000100501),1,"8,90 €","2,00 €","8,80 €"
2018-01-24,Harju Elekter (ISIN EE3100004250),290,"1.711,00 €","4,28 €","1.628,06 €"
2018-01-25,JSC SAF Tehnika (ISIN LV0000101129),18,"129,60 €","2,00 €","126,32 €"
2018-01-25,"AB ,,AUGA group"" PVA (ISIN LT0000127466)",1800,"1.008,00 €","2,52 €","1.133,49 €"
2018-01-25,Tallink Grupp (ISIN EE3100004466),126,"156,87 €","0,40 €","155,37 €"
2018-01-25,Tallink Grupp (ISIN EE3100004466),1874,"2.333,13 €","5,83 €","2.290,74 €"
2018-01-25,Tallink Grupp (ISIN EE3100004466),3000,"3.735,00 €","9,34 €","3.578,93 €"
2018-01-26,JSC Rigas kugu buvetava (ISIN LV0000100378),2500,"665,00 €","2,00 €","751,87 €"
2018-01-26,"AB ,,INVALDA INVL"" PVA (ISIN LT0000102279)",156,"819,00 €","2,05 €","821,72 €"
2018-01-26,JSC Valmieras stikla skiedra (ISIN LV0000100485),70,"261,80 €","2,00 €","265,96 €"
2018-01-26,JSC Valmieras stikla skiedra (ISIN LV0000100485),170,"635,80 €","0,24 €","645,91 €"
2018-01-26,JSC Valmieras stikla skiedra (ISIN LV0000100485),630,"2.356,20 €","5,89 €","2.375,55 €"
2018-01-26,JSC Valmieras stikla skiedra (ISIN LV0000100485),20,"74,80 €","0,19 €","75,19 €"
2018-01-26,JSC Valmieras stikla skiedra (ISIN LV0000100485),180,"680,40 €","0,27 €","678,72 €"
2018-01-26,"AB ,,AUGA group"" PVA (ISIN LT0000127466)",885,"495,60 €","2,00 €","554,51 €"
2018-01-26,"AB ,,AUGA group"" PVA (ISIN LT0000127466)",4115,"2.304,40 €","5,00 €","2.564,94 €"
2018-01-26,JSC Grindeks (ISIN LV0000100659),100,"770,00 €","2,00 €","700,97 €"
2018-01-26,JSC Grindeks (ISIN LV0000100659),50,"385,00 €","0,89 €","359,71 €"
2018-01-26,Harju Elekter (ISIN EE3100004250),516,"3.219,84 €","8,05 €","2.884,69 €"
2018-01-26,Harju Elekter (ISIN EE3100004250),380,"2.356,00 €","5,89 €","2.196,84 €"
2018-01-26,Harju Elekter (ISIN EE3100004250),80,"496,00 €","1,24 €","486,01 €"
2018-01-26,Harju Elekter (ISIN EE3100004250),19,"116,66 €","0,29 €","115,43 €"
2018-01-26,JSC Rigas kugu buvetava (ISIN LV0000100378),5500,"1.463,00 €","3,32 €","1.606,97 €"
2018-01-29,Harju Elekter (ISIN EE3100004250),136,"835,04 €","2,09 €","858,94 €"
2018-01-29,Harju Elekter (ISIN EE3100004250),84,"515,76 €","1,29 €","530,52 €"
2018-01-29,JSC Olainfarm (ISIN LV0000100501),63,"551,25 €","2,00 €","542,84 €"
2018-01-29,AB Šiaulių bankas PVA (ISIN LT0000102253),3500,"2.142,00 €","5,36 €","2.105,33 €"
2018-01-29,Tallink Grupp (ISIN EE3100004466),1500,"1.875,00 €","4,69 €","1.849,62 €"
2018-01-30,JSC Rigas kugu buvetava (ISIN LV0000100378),3000,"738,00 €","2,00 €","875,70 €"
2018-01-30,JSC Olainfarm (ISIN LV0000100501),127,"1.098,55 €","2,43 €","1.094,30 €"
2018-01-30,JSC Rigas kugu buvetava (ISIN LV0000100378),4000,"968,00 €","2,42 €","1.165,45 €"
2018-01-30,JSC Rigas kugu buvetava (ISIN LV0000100378),600,"144,00 €","2,00 €","201,00 €"
2018-01-30,JSC Rigas kugu buvetava (ISIN LV0000100378),5000,"1.200,00 €","1,36 €","1.669,49 €"
2018-01-30,JSC Rigas kugu buvetava (ISIN LV0000100378),4000,"960,00 €","2,40 €","1.258,71 €"
2018-01-30,JSC Rigas kugu buvetava (ISIN LV0000100378),400,"96,00 €","0,24 €","126,08 €"
2018-01-30,JSC Rigas kugu buvetava (ISIN LV0000100378),2800,"660,80 €","2,00 €","884,34 €"
2018-01-30,Harju Elekter (ISIN EE3100004250),106,"646,60 €","2,00 €","669,47 €"
2018-01-30,Harju Elekter (ISIN EE3100004250),30,"183,00 €","0,07 €","189,47 €"
2018-01-30,Tallink Grupp (ISIN EE3100004466),1900,"2.346,50 €","5,87 €","2.342,84 €"
2018-01-30,Tallink Grupp (ISIN EE3100004466),2463,"3.066,44 €","7,67 €","3.093,09 €"
2018-01-30,JSC Olainfarm (ISIN LV0000100501),28,"242,20 €","2,00 €","241,26 €"
2018-01-30,JSC Olainfarm (ISIN LV0000100501),50,"432,50 €","0,00 €","430,83 €"
2018-01-30,JSC Rigas kugu buvetava (ISIN LV0000100378),4000,"984,00 €","2,31 €","1.150,87 €"
2018-01-31,JSC Rigas kugu buvetava (ISIN LV0000100378),2500,"580,00 €","2,00 €","778,95 €"
2018-01-31,JSC Rigas kugu buvetava (ISIN LV0000100378),3000,"690,00 €","1,18 €","912,11 €"
2018-01-31,JSC Rigas kugu buvetava (ISIN LV0000100378),8500,"1.955,00 €","4,88 €","2.588,30 €"
2018-01-31,AB Šiaulių bankas PVA (ISIN LT0000102253),500,"309,00 €","0,32 €","300,72 €"
2018-01-31,Harju Elekter (ISIN EE3100004250),17,"103,70 €","0,26 €","107,37 €"
2018-01-31,AB Šiaulių bankas PVA (ISIN LT0000102253),1000,"618,00 €","2,00 €","601,45 €"
2018-01-31,Harju Elekter (ISIN EE3100004250),77,"469,70 €","1,18 €","486,31 €"
2018-02-01,JSC Grindeks (ISIN LV0000100659),70,"537,60 €","2,00 €","505,31 €"
2018-02-01,"AB ,,AUGA group"" PVA (ISIN LT0000127466)",1500,"922,50 €","2,31 €","897,23 €"
2018-02-02,AB Telia Lietuva PVA (ISIN LT0000123911),40,"42,20 €","2,00 €","38,75 €"
2018-02-02,AB Telia Lietuva PVA (ISIN LT0000123911),300,"316,50 €","0,00 €","291,26 €"
2018-02-02,AB Telia Lietuva PVA (ISIN LT0000123911),3700,"3.885,00 €","9,71 €","3.603,30 €"
2018-02-02,AB Telia Lietuva PVA (ISIN LT0000123911),1700,"1.785,00 €","4,47 €","1.687,21 €"
2018-02-02,JSC Grindeks (ISIN LV0000100659),38,"291,84 €","2,00 €","273,51 €"
2018-02-02,AB Telia Lietuva PVA (ISIN LT0000123911),1000,"1.055,00 €","2,64 €","1.051,92 €"
2018-02-02,AB Telia Lietuva PVA (ISIN LT0000123911),60,"63,30 €","0,15 €","63,51 €"
2018-02-02,JSC Grindeks (ISIN LV0000100659),60,"460,80 €","0,50 €","432,41 €"
2018-02-02,JSC Grindeks (ISIN LV0000100659),15,"115,20 €","0,28 €","108,10 €"
2018-02-02,"AB ,,Klaipėdos nafta"" PVA (ISIN LT0000111650)",1458,"772,74 €","1,93 €","768,83 €"
2018-02-02,"AB ,,Klaipėdos nafta"" PVA (ISIN LT0000111650)",2542,"1.347,26 €","3,37 €","1.336,42 €"
2018-02-02,AB Telia Lietuva PVA (ISIN LT0000123911),1100,"1.160,50 €","1,80 €","1.140,96 €"
2018-02-05,",,Energijos skirstymo operatorius"", AB PVA (ISIN LT0000130023)",400,"346,40 €","2,00 €","346,46 €"
2018-02-05,",,Energijos skirstymo operatorius"", AB PVA (ISIN LT0000130023)",1610,"1.394,26 €","2,35 €","1.394,52 €"
2018-02-05,",,Energijos skirstymo operatorius"", AB PVA (ISIN LT0000130023)",1683,"1.464,21 €","3,66 €","1.465,60 €"
2018-02-05,",,Energijos skirstymo operatorius"", AB PVA (ISIN LT0000130023)",500,"435,00 €","1,09 €","435,53 €"
2018-02-05,",,Energijos skirstymo operatorius"", AB PVA (ISIN LT0000130023)",117,"101,79 €","0,25 €","101,93 €"
2018-02-05,JSC Latvijas Gaze (ISIN LV0000100899),90,"927,00 €","2,32 €","902,26 €"
2018-02-05,JSC Rigas kugu buvetava (ISIN LV0000100378),5900,"1.345,20 €","3,36 €","1.733,96 €"
2018-02-05,AB Telia Lietuva PVA (ISIN LT0000123911),3047,"3.229,82 €","8,07 €","3.214,71 €"
2018-02-05,JSC Grindeks (ISIN LV0000100659),92,"706,56 €","0,50 €","661,39 €"
2018-02-06,JSC Latvijas Gaze (ISIN LV0000100899),2,"20,60 €","2,00 €","20,05 €"
2018-02-06,JSC Latvijas Gaze (ISIN LV0000100899),15,"154,50 €","0,00 €","150,38 €"
2018-02-06,"AB ""Amber Grid"" PVA (ISIN LT0000128696)",645,"999,75 €","2,50 €","930,10 €"
2018-02-06,JSC Valmieras stikla skiedra (ISIN LV0000100485),271,"975,60 €","2,44 €","1.019,09 €"
2018-02-06,JSC Latvijas Gaze (ISIN LV0000100899),30,"309,00 €","0,00 €","300,75 €"
2018-02-07,JSC Latvijas Gaze (ISIN LV0000100899),33,"339,90 €","0,06 €","330,83 €"
2018-02-07,JSC Latvijas Gaze (ISIN LV0000100899),138,"1.435,20 €","3,59 €","1.350,16 €"
2018-02-07,JSC SAF Tehnika (ISIN LV0000101129),15,"104,25 €","2,00 €","105,26 €"
2018-02-07,JSC SAF Tehnika (ISIN LV0000101129),26,"179,40 €","2,00 €","182,46 €"
2018-02-07,"AB ,,AUGA group"" PVA (ISIN LT0000127466)",200,"118,00 €","2,00 €","120,30 €"
2018-02-07,JSC SAF Tehnika (ISIN LV0000101129),135,"938,25 €","0,61 €","954,13 €"
2018-02-07,"AB ,,AUGA group"" PVA (ISIN LT0000127466)",1800,"1.062,00 €","2,66 €","1.061,82 €"
2018-02-07,"AB ,,AUGA group"" PVA (ISIN LT0000127466)",1800,"1.062,00 €","2,66 €","1.079,54 €"
2018-02-07,JSC SAF Tehnika (ISIN LV0000101129),106,"731,40 €","0,28 €","744,61 €"
2018-02-08,JSC Latvijas Gaze (ISIN LV0000100899),85,"875,50 €","2,19 €","824,18 €"
2018-02-08,JSC Latvijas Gaze (ISIN LV0000100899),200,"2.040,00 €","5,10 €","1.940,70 €"
2018-02-08,"AB ,,AUGA group"" PVA (ISIN LT0000127466)",2000,"1.170,00 €","2,93 €","1.207,35 €"
2018-02-08,"AB ""Amber Grid"" PVA (ISIN LT0000128696)",899,"1.330,52 €","3,33 €","1.297,80 €"
2018-02-08,"AB ,,AUGA group"" PVA (ISIN LT0000127466)",4000,"2.340,00 €","5,85 €","2.443,63 €"
2018-02-08,"AB ,,AUGA group"" PVA (ISIN LT0000127466)",4871,"2.849,54 €","7,12 €","2.923,80 €"
2018-02-08,"AB ,,AUGA group"" PVA (ISIN LT0000127466)",5129,"3.000,47 €","7,50 €","3.102,01 €"
2018-02-09,JSC Latvijas Gaze (ISIN LV0000100899),5,"51,50 €","0,13 €","51,17 €"
2018-02-09,AS LHV Group (ISIN EE3100073644),100,"1.130,00 €","2,83 €","1.132,83 €"
2018-02-09,"AB ,,AUGA group"" PVA (ISIN LT0000127466)",3322,"1.943,37 €","4,86 €","1.939,89 €"
2018-02-12,JSC Latvijas Gaze (ISIN LV0000100899),12,"123,60 €","2,00 €","122,81 €"
2018-02-12,"AB ,,LITGRID"" PVA (ISIN LT0000128415)",1500,"1.057,50 €","2,64 €","1.060,14 €"
2018-02-12,JSC Latvijas Gaze (ISIN LV0000100899),55,"561,00 €","0,81 €","562,25 €"
2018-02-12,JSC Rigas kugu buvetava (ISIN LV0000100378),1000,"226,00 €","2,00 €","293,11 €"
2018-02-12,JSC Rigas kugu buvetava (ISIN LV0000100378),3000,"666,00 €","0,23 €","876,35 €"
2018-02-12,JSC Rigas kugu buvetava (ISIN LV0000100378),1006,"213,27 €","2,00 €","287,75 €"
2018-02-12,JSC Rigas kugu buvetava (ISIN LV0000100378),5000,"1.060,00 €","1,18 €","1.287,14 €"
2018-02-12,JSC Rigas kugu buvetava (ISIN LV0000100378),994,"210,73 €","0,53 €","249,12 €"
2018-02-12,JSC Rigas kugu buvetava (ISIN LV0000100378),2900,"626,40 €","2,00 €","688,09 €"
2018-02-12,JSC Rigas kugu buvetava (ISIN LV0000100378),2900,"638,00 €","2,00 €","697,38 €"
2018-02-12,JSC Rigas kugu buvetava (ISIN LV0000100378),2900,"626,40 €","2,00 €","695,69 €"
2018-02-12,JSC Rigas kugu buvetava (ISIN LV0000100378),230,"50,60 €","2,00 €","53,52 €"
2018-02-12,JSC Rigas kugu buvetava (ISIN LV0000100378),1420,"312,40 €","0,00 €","330,45 €"
2018-02-12,"AB ,,INVALDA INVL"" PVA (ISIN LT0000102279)",104,"540,80 €","2,00 €","535,66 €"
2018-02-12,"AB ,,AUGA group"" PVA (ISIN LT0000127466)",1800,"1.062,00 €","0,95 €","1.046,61 €"
2018-02-12,JSC Grindeks (ISIN LV0000100659),110,"803,00 €","2,01 €","789,57 €"
2018-02-12,JSC Latvijas Gaze (ISIN LV0000100899),55,"561,00 €","2,00 €","562,70 €"
2018-02-13,JSC Latvijas Gaze (ISIN LV0000100899),8,"82,40 €","0,00 €","81,78 €"
2018-02-13,"AB ,,AUGA group"" PVA (ISIN LT0000127466)",136,"80,92 €","0,20 €","79,37 €"
2018-02-13,"AB ,,AUGA group"" PVA (ISIN LT0000127466)",1364,"811,58 €","2,03 €","793,10 €"
2018-02-13,JSC Latvijas Gaze (ISIN LV0000100899),100,"1.020,00 €","2,55 €","1.022,27 €"
2018-02-14,"AB ,,AUGA group"" PVA (ISIN LT0000127466)",800,"476,00 €","0,00 €","473,18 €"
2018-02-14,"AB ,,AUGA group"" PVA (ISIN LT0000127466)",30,"17,85 €","2,00 €","17,74 €"
2018-02-15,JSC Valmieras stikla skiedra (ISIN LV0000100485),89,"316,84 €","2,00 €","331,73 €"
2018-02-15,"AB ,,AUGA group"" PVA (ISIN LT0000127466)",970,"577,15 €","0,68 €","573,63 €"
2018-02-15,"AB ,,AUGA group"" PVA (ISIN LT0000127466)",2000,"1.180,00 €","2,95 €","1.167,22 €"
2018-02-15,"AB ,,AUGA group"" PVA (ISIN LT0000127466)",100,"59,00 €","0,15 €","58,15 €"
2018-02-15,Tallink Grupp (ISIN EE3100004466),1010,"1.186,75 €","2,97 €","1.224,15 €"
2018-02-15,Tallink Grupp (ISIN EE3100004466),5000,"5.850,00 €","14,62 €","6.215,61 €"
2018-02-15,Tallink Grupp (ISIN EE3100004466),600,"702,00 €","1,76 €","746,15 €"
2018-02-15,Tallink Grupp (ISIN EE3100004466),990,"1.158,30 €","2,89 €","1.206,21 €"
2018-02-15,Tallink Grupp (ISIN EE3100004466),1510,"1.766,70 €","4,42 €","1.887,11 €"
2018-02-16,JSC Latvijas Gaze (ISIN LV0000100899),42,"436,80 €","1,09 €","429,45 €"
2018-02-16,JSC Latvijas Gaze (ISIN LV0000100899),90,"936,00 €","2,34 €","913,28 €"
2018-02-16,JSC Latvijas Gaze (ISIN LV0000100899),10,"102,00 €","0,26 €","101,25 €"
2018-02-16,"AB ,,LITGRID"" PVA (ISIN LT0000128415)",90,"63,45 €","2,00 €","63,61 €"
2018-02-16,Tallink Grupp (ISIN EE3100004466),700,"822,50 €","2,06 €","849,12 €"
2018-02-16,Tallink Grupp (ISIN EE3100004466),1000,"1.175,00 €","2,93 €","1.208,21 €"
2018-02-16,JSC Latvijas Gaze (ISIN LV0000100899),70,"721,00 €","0,32 €","704,51 €"
2018-02-19,"AB ,,AUGA group"" PVA (ISIN LT0000127466)",500,"297,50 €","2,00 €","290,73 €"
2018-02-20,JSC Valmieras stikla skiedra (ISIN LV0000100485),151,"537,56 €","0,14 €","560,70 €"
2018-02-21,JSC Valmieras stikla skiedra (ISIN LV0000100485),295,"1.056,10 €","2,64 €","1.097,35 €"
2018-02-21,JSC Valmieras stikla skiedra (ISIN LV0000100485),280,"1.008,00 €","2,52 €","1.022,69 €"
2018-02-21,JSC Valmieras stikla skiedra (ISIN LV0000100485),123,"445,26 €","2,00 €","448,54 €"
2018-02-21,JSC Grindeks (ISIN LV0000100659),5,"36,70 €","0,00 €","37,09 €"
2018-02-21,"AB ,,Žemaitijos pienas"" PVA (ISIN LT0000121865)",41,"68,06 €","0,00 €","73,83 €"
2018-02-21,"AB ,,AUGA group"" PVA (ISIN LT0000127466)",500,"297,50 €","0,00 €","287,83 €"
2018-02-21,JSC Grindeks (ISIN LV0000100659),23,"168,82 €","2,00 €","165,82 €"
2018-02-21,"AB ,,Žemaitijos pienas"" PVA (ISIN LT0000121865)",20,"33,40 €","2,00 €","36,21 €"
2018-02-22,JSC Grindeks (ISIN LV0000100659),50,"367,00 €","0,00 €","370,93 €"
2018-02-22,JSC Latvijas Gaze (ISIN LV0000100899),12,"124,80 €","2,00 €","120,11 €"
2018-02-23,"AB ,,AUGA group"" PVA (ISIN LT0000127466)",5133,"2.977,14 €","7,44 €","2.897,15 €"
2018-02-26,JSC Grindeks (ISIN LV0000100659),150,"1.080,00 €","2,70 €","1.112,78 €"
2018-02-27,"AB ,,AUGA group"" PVA (ISIN LT0000127466)",500,"292,50 €","2,00 €","285,71 €"
2018-02-28,JSC Grindeks (ISIN LV0000100659),160,"1.164,80 €","2,91 €","1.202,42 €"
2018-02-28,JSC Grindeks (ISIN LV0000100659),188,"1.364,88 €","3,41 €","1.426,03 €"
2018-02-28,JSC Grindeks (ISIN LV0000100659),188,"1.364,88 €","3,41 €","1.424,92 €"
2018-02-28,"AB ,,LITGRID"" PVA (ISIN LT0000128415)",1000,"705,00 €","0,00 €","698,88 €"
2018-02-28,JSC Grindeks (ISIN LV0000100659),221,"1.613,30 €","4,03 €","1.577,34 €"
2018-02-28,JSC Grindeks (ISIN LV0000100659),50,"370,00 €","2,00 €","352,88 €"
2018-02-28,JSC Grindeks (ISIN LV0000100659),110,"803,00 €","2,01 €","781,65 €"
2018-02-28,JSC Grindeks (ISIN LV0000100659),28,"203,84 €","0,51 €","212,21 €"
2018-03-01,JSC Grindeks (ISIN LV0000100659),190,"1.387,00 €","3,47 €","1.371,18 €"
2018-03-02,JSC Grindeks (ISIN LV0000100659),50,"389,00 €","2,00 €","363,91 €"
2018-03-02,JSC Grindeks (ISIN LV0000100659),150,"1.167,00 €","1,89 €","1.089,58 €"
2018-03-05,"AB ,,AUGA group"" PVA (ISIN LT0000127466)",1400,"819,00 €","0,78 €","774,93 €"
2018-03-05,"AB ,,AUGA group"" PVA (ISIN LT0000127466)",1000,"580,00 €","2,00 €","545,15 €"
2018-03-05,"AB ,,AUGA group"" PVA (ISIN LT0000127466)",500,"290,00 €","0,18 €","275,69 €"
2018-03-05,"AB ,,AUGA group"" PVA (ISIN LT0000127466)",1600,"904,00 €","2,26 €","914,28 €"
2018-03-05,"AB ,,AUGA group"" PVA (ISIN LT0000127466)",1900,"1.083,00 €","2,71 €","1.110,62 €"
2018-03-05,"AB ,,AUGA group"" PVA (ISIN LT0000127466)",600,"345,00 €","2,00 €","331,03 €"
2018-03-05,"AB ,,AUGA group"" PVA (ISIN LT0000127466)",500,"287,50 €","0,00 €","275,52 €"
2018-03-07,JSC Latvijas Gaze (ISIN LV0000100899),10,"107,00 €","0,00 €","100,10 €"
2018-03-07,JSC Latvijas Gaze (ISIN LV0000100899),22,"235,40 €","2,00 €","220,22 €"
2018-03-12,JSC Latvijas Gaze (ISIN LV0000100899),95,"1.026,00 €","2,57 €","952,47 €"
2018-03-16,JSC Latvijas Gaze (ISIN LV0000100899),1,"10,70 €","2,00 €","10,01 €"
2018-03-19,JSC Latvijas Gaze (ISIN LV0000100899),10,"107,00 €","0,00 €","101,42 €"
2018-03-19,JSC Latvijas Gaze (ISIN LV0000100899),84,"898,80 €","0,68 €","858,89 €"
2018-03-19,JSC Latvijas Gaze (ISIN LV0000100899),5,"53,50 €","0,00 €","50,04 €"
2018-03-22,JSC Latvijas Gaze (ISIN LV0000100899),150,"1.620,00 €","4,05 €","1.534,05 €"
2018-03-22,JSC Latvijas Gaze (ISIN LV0000100899),33,"356,40 €","2,00 €","339,12 €"
2018-03-22,JSC Latvijas Gaze (ISIN LV0000100899),46,"496,80 €","0,13 €","484,21 €"
2018-03-26,JSC Latvijas Gaze (ISIN LV0000100899),21,"226,80 €","0,57 €","221,05 €"
2018-03-27,AB Šiaulių bankas PVA (ISIN LT0000102253),3500,"2.240,00 €","5,60 €","2.196,48 €"
2018-03-27,AB Šiaulių bankas PVA (ISIN LT0000102253),2000,"1.276,00 €","3,19 €","1.255,13 €"
2018-03-27,AB Šiaulių bankas PVA (ISIN LT0000102253),1000,"636,00 €","1,59 €","627,56 €"
2018-03-27,AB Šiaulių bankas PVA (ISIN LT0000102253),2000,"1.272,00 €","3,18 €","1.255,13 €"
2018-03-27,JSC Latvijas Gaze (ISIN LV0000100899),66,"712,80 €","2,00 €","694,73 €"
2018-03-29,AB Telia Lietuva PVA (ISIN LT0000123911),150,"166,50 €","2,00 €","166,92 €"
2018-03-29,AB Telia Lietuva PVA (ISIN LT0000123911),1850,"2.053,50 €","3,55 €","2.058,63 €"
2018-04-03,"AB ""Amber Grid"" PVA (ISIN LT0000128696)",400,"620,00 €","2,00 €","577,44 €"
2018-04-03,"AB ""Amber Grid"" PVA (ISIN LT0000128696)",79,"122,45 €","0,00 €","114,04 €"
2018-04-03,JSC Valmieras stikla skiedra (ISIN LV0000100485),5079,"17.878,08 €","0,00 €","18.016,96 €"
2018-04-03,"AB ""Amber Grid"" PVA (ISIN LT0000128696)",471,"730,05 €","1,68 €","703,30 €"
2018-04-05,JSC Latvijas Gaze (ISIN LV0000100899),34,"367,20 €","0,92 €","357,89 €"
2018-04-05,JSC Latvijas Gaze (ISIN LV0000100899),77,"831,60 €","2,08 €","810,52 €"
2018-04-05,JSC Latvijas Gaze (ISIN LV0000100899),15,"162,00 €","0,19 €","157,89 €"
2018-04-06,"AB ""Amber Grid"" PVA (ISIN LT0000128696)",530,"826,80 €","0,96 €","794,53 €"
2018-04-06,"AB ""Amber Grid"" PVA (ISIN LT0000128696)",228,"355,68 €","2,00 €","340,57 €"
2018-04-06,JSC Latvijas Gaze (ISIN LV0000100899),38,"410,40 €","1,03 €","399,19 €"
2018-04-06,JSC Latvijas Gaze (ISIN LV0000100899),10,"108,00 €","0,00 €","103,26 €"
2018-04-06,JSC Latvijas Gaze (ISIN LV0000100899),8,"86,40 €","2,00 €","82,61 €"
2018-04-09,JSC Latvijas Gaze (ISIN LV0000100899),67,"723,60 €","0,30 €","691,83 €"
2018-04-10,"AB ""Amber Grid"" PVA (ISIN LT0000128696)",308,"480,48 €","1,20 €","458,67 €"
2018-04-10,"AB ""Amber Grid"" PVA (ISIN LT0000128696)",12,"18,72 €","0,04 €","18,08 €"
2018-04-10,JSC Latvijas Gaze (ISIN LV0000100899),75,"810,00 €","2,02 €","795,18 €"
2018-04-12,JSC Latvijas Gaze (ISIN LV0000100899),120,"1.296,00 €","3,24 €","1.275,18 €"
2018-04-12,JSC Latvijas Gaze (ISIN LV0000100899),19,"205,20 €","0,51 €","201,40 €"
2018-04-17,"AB ""Amber Grid"" PVA (ISIN LT0000128696)",358,"554,90 €","2,00 €","531,16 €"
2018-04-18,"AB ""Amber Grid"" PVA (ISIN LT0000128696)",192,"297,60 €","0,71 €","281,04 €"
2018-04-18,"AB ""Amber Grid"" PVA (ISIN LT0000128696)",100,"155,00 €","0,00 €","146,37 €"
2018-04-18,"AB ""Amber Grid"" PVA (ISIN LT0000128696)",450,"697,50 €","1,68 €","658,27 €"
2018-04-18,"AB ""Amber Grid"" PVA (ISIN LT0000128696)",50,"77,50 €","0,00 €","74,19 €"
2018-04-18,"AB ""Amber Grid"" PVA (ISIN LT0000128696)",300,"468,00 €","2,00 €","446,63 €"
2018-04-18,"AB ""Amber Grid"" PVA (ISIN LT0000128696)",500,"775,00 €","2,00 €","737,37 €"
2018-04-19,"AB ""Amber Grid"" PVA (ISIN LT0000128696)",250,"390,00 €","0,15 €","378,44 €"
2018-04-19,"AB ""Amber Grid"" PVA (ISIN LT0000128696)",400,"624,00 €","1,56 €","605,51 €"
2018-05-09,"AB ,,Grigeo"" PVA (ISIN LT0000102030)",100,"144,00 €","2,00 €","140,00 €"
2018-05-09,JSC Latvijas Gaze (ISIN LV0000100899),25,"310,00 €","2,00 €","268,17 €"
2018-05-09,"AB ,,Grigeo"" PVA (ISIN LT0000102030)",100,"144,00 €","0,00 €","138,00 €"
2018-05-11,JSC SAF Tehnika (ISIN LV0000101129),98,"578,20 €","0,00 €","545,71 €"
2018-05-11,JSC SAF Tehnika (ISIN LV0000101129),1,"5,90 €","2,00 €","5,75 €"
2018-05-11,JSC Grindeks (ISIN LV0000100659),99,"750,42 €","2,00 €","736,69 €"
2018-05-15,"AB ,,INVALDA INVL"" PVA (ISIN LT0000102279)",30,"162,00 €","2,00 €","156,50 €"
2018-05-30,JSC Grindeks (ISIN LV0000100659),250,"1.910,00 €","4,78 €","1.874,24 €"
2018-06-15,JSC Grindeks (ISIN LV0000100659),250,"1.855,00 €","4,64 €","1.926,28 €"
2018-06-18,Silvano Fashion Group (ISIN EE3100001751),235,"735,55 €","1,84 €","735,55 €"
2018-06-18,Silvano Fashion Group (ISIN EE3100001751),650,"2.034,50 €","5,09 €","1.171,42 €"
2018-06-18,Silvano Fashion Group (ISIN EE3100001751),15,"46,95 €","0,11 €","46,95 €"
2018-06-18,JSC Grindeks (ISIN LV0000100659),115,"860,20 €","2,15 €","886,73 €"
2018-06-20,"AB ,,LITGRID"" PVA (ISIN LT0000128415)",880,"616,00 €","0,01 €","608,22 €"
2018-06-20,Tallink Grupp (ISIN EE3100004466),950,"1.040,25 €","2,60 €","1.147,61 €"
2018-06-20,Tallink Grupp (ISIN EE3100004466),950,"1.040,25 €","2,60 €","1.132,19 €"
2018-06-20,"AB ,,LITGRID"" PVA (ISIN LT0000128415)",270,"189,00 €","2,00 €","186,30 €"
2018-06-20,"AB ,,LITGRID"" PVA (ISIN LT0000128415)",1020,"714,00 €","2,00 €","704,46 €"
2018-06-20,JSC SAF Tehnika (ISIN LV0000101129),185,"851,00 €","2,13 €","1.035,65 €"
2018-06-21,JSC Olainfarm (ISIN LV0000100501),120,"936,00 €","2,34 €","1.088,72 €"
2018-06-21,JSC Olainfarm (ISIN LV0000100501),100,"810,00 €","2,03 €","862,15 €"
2018-06-21,JSC Olainfarm (ISIN LV0000100501),130,"1.014,00 €","2,54 €","1.145,06 €"
2018-06-21,JSC Olainfarm (ISIN LV0000100501),375,"3.000,00 €","7,50 €","3.311,78 €"
2018-06-21,JSC Olainfarm (ISIN LV0000100501),375,"3.000,00 €","7,50 €","3.261,81 €"
2018-06-21,JSC Olainfarm (ISIN LV0000100501),101,"818,10 €","2,05 €","870,77 €"
2018-06-21,JSC Olainfarm (ISIN LV0000100501),99,"801,90 €","0,03 €","853,53 €"
2018-06-21,JSC Olainfarm (ISIN LV0000100501),100,"810,00 €","2,03 €","862,15 €"
2018-06-21,JSC Olainfarm (ISIN LV0000100501),1,"8,10 €","2,00 €","8,62 €"
2018-06-22,JSC Olainfarm (ISIN LV0000100501),382,"2.960,50 €","7,40 €","3.333,42 €"
2018-06-22,JSC Olainfarm (ISIN LV0000100501),388,"3.007,00 €","7,52 €","3.501,14 €"
2018-06-22,AB Šiaulių bankas PVA (ISIN LT0000102253),957,"484,24 €","2,00 €","487,37 €"
2018-06-22,AB Šiaulių bankas PVA (ISIN LT0000102253),643,"325,36 €","0,02 €","327,46 €"
2018-06-22,JSC Latvijas Gaze (ISIN LV0000100899),75,"847,50 €","2,12 €","806,51 €"
2018-06-22,"AB ,,LITGRID"" PVA (ISIN LT0000128415)",350,"245,00 €","0,40 €","238,60 €"
2018-06-25,"AB ,,LITGRID"" PVA (ISIN LT0000128415)",280,"196,00 €","0,49 €","190,88 €"
2018-06-25,Tallink Grupp (ISIN EE3100004466),5991,"6.620,06 €","16,55 €","7.238,46 €"
2018-06-25,AB Šiaulių bankas PVA (ISIN LT0000102253),2900,"1.473,20 €","3,68 €","1.488,51 €"
2018-06-25,AB Šiaulių bankas PVA (ISIN LT0000102253),2100,"1.066,80 €","2,67 €","1.077,89 €"
2018-06-26,JSC SAF Tehnika (ISIN LV0000101129),175,"836,50 €","2,09 €","963,10 €"
2018-06-26,JSC SAF Tehnika (ISIN LV0000101129),25,"119,50 €","2,00 €","135,34 €"
2018-06-27,JSC SAF Tehnika (ISIN LV0000101129),20,"95,60 €","0,00 €","108,27 €"
2018-06-27,JSC Olainfarm (ISIN LV0000100501),50,"405,00 €","2,00 €","428,57 €"
2018-06-27,Tallink Grupp (ISIN EE3100004466),1829,"2.011,90 €","5,03 €","1.930,69 €"
2018-06-27,Tallink Grupp (ISIN EE3100004466),2171,"2.388,10 €","5,97 €","2.296,14 €"
2018-06-27,JSC Olainfarm (ISIN LV0000100501),60,"486,00 €","0,23 €","508,27 €"
2018-06-27,JSC Olainfarm (ISIN LV0000100501),63,"510,30 €","2,00 €","536,49 €"
2018-06-28,JSC SAF Tehnika (ISIN LV0000101129),100,"478,00 €","0,00 €","542,31 €"
2018-06-28,JSC Olainfarm (ISIN LV0000100501),40,"324,00 €","0,09 €","338,85 €"
2018-06-28,JSC Grindeks (ISIN LV0000100659),69,"509,22 €","1,12 €","531,08 €"
2018-06-28,JSC Grindeks (ISIN LV0000100659),100,"738,00 €","2,00 €","769,72 €"
2018-06-28,JSC SAF Tehnika (ISIN LV0000101129),111,"530,58 €","1,06 €","606,46 €"
2018-06-29,"AB ,,Klaipėdos nafta"" PVA (ISIN LT0000111650)",5000,"2.590,00 €","6,48 €","2.867,15 €"
2018-06-29,JSC SAF Tehnika (ISIN LV0000101129),404,"1.769,52 €","4,42 €","1.844,49 €"
2018-06-29,JSC SAF Tehnika (ISIN LV0000101129),156,"680,16 €","1,70 €","719,00 €"
2018-07-02,"AB ,,Klaipėdos nafta"" PVA (ISIN LT0000111650)",70,"36,40 €","2,00 €","40,14 €"
2018-07-02,"AB ,,AUGA group"" PVA (ISIN LT0000127466)",500,"248,00 €","0,00 €","277,19 €"
2018-07-02,"AB ,,AUGA group"" PVA (ISIN LT0000127466)",3000,"1.500,00 €","3,75 €","1.514,93 €"
2018-07-02,"AB ,,AUGA group"" PVA (ISIN LT0000127466)",500,"248,00 €","2,00 €","278,19 €"
2018-07-02,"AB ,,AUGA group"" PVA (ISIN LT0000127466)",1800,"892,80 €","2,23 €","947,95 €"
2018-07-02,"AB ,,AUGA group"" PVA (ISIN LT0000127466)",2,"0,98 €","0,00 €","0,97 €"
2018-07-02,"AB ,,AUGA group"" PVA (ISIN LT0000127466)",2098,"1.049,00 €","2,62 €","1.020,97 €"
2018-07-02,"AB ,,AUGA group"" PVA (ISIN LT0000127466)",800,"396,80 €","0,23 €","437,09 €"
2018-07-03,JSC Olainfarm (ISIN LV0000100501),34,"272,00 €","2,00 €","288,02 €"
2018-07-03,JSC Olainfarm (ISIN LV0000100501),66,"528,00 €","0,00 €","559,10 €"
2018-07-04,"AB ,,Klaipėdos nafta"" PVA (ISIN LT0000111650)",997,"518,44 €","0,00 €","523,02 €"
2018-07-04,"AB ,,Klaipėdos nafta"" PVA (ISIN LT0000111650)",3,"1,55 €","0,01 €","1,57 €"
2018-07-04,"AB ,,Klaipėdos nafta"" PVA (ISIN LT0000111650)",1477,"765,09 €","2,00 €","835,55 €"
2018-07-04,"AB ,,Klaipėdos nafta"" PVA (ISIN LT0000111650)",920,"476,56 €","1,10 €","483,29 €"
2018-07-05,"AB ,,Klaipėdos nafta"" PVA (ISIN LT0000111650)",393,"204,36 €","0,51 €","205,66 €"
2018-07-05,"AB ,,Klaipėdos nafta"" PVA (ISIN LT0000111650)",800,"416,00 €","0,43 €","418,64 €"
2018-07-06,JSC Grindeks (ISIN LV0000100659),2,"14,64 €","2,00 €","15,39 €"
2018-07-09,JSC Grindeks (ISIN LV0000100659),500,"3.650,00 €","9,13 €","3.831,21 €"
2018-07-10,JSC Grindeks (ISIN LV0000100659),15,"109,50 €","0,27 €","114,89 €"
2018-07-10,JSC Grindeks (ISIN LV0000100659),35,"255,50 €","0,64 €","268,07 €"
2018-07-11,"AB ,,Grigeo"" PVA (ISIN LT0000102030)",150,"216,00 €","2,00 €","206,75 €"
2018-07-11,"AB ,,Grigeo"" PVA (ISIN LT0000102030)",100,"144,00 €","0,00 €","137,43 €"
2018-07-12,JSC Olainfarm (ISIN LV0000100501),500,"3.875,00 €","9,69 €","3.964,09 €"
2018-07-12,JSC Olainfarm (ISIN LV0000100501),307,"2.379,25 €","5,95 €","2.462,03 €"
2018-07-12,"AB ,,AUGA group"" PVA (ISIN LT0000127466)",500,"245,00 €","0,00 €","243,27 €"
2018-07-12,"AB ,,AUGA group"" PVA (ISIN LT0000127466)",500,"245,00 €","0,00 €","243,01 €"
2018-07-12,"AB ,,AUGA group"" PVA (ISIN LT0000127466)",560,"274,40 €","0,21 €","271,04 €"
2018-07-12,"AB ,,AUGA group"" PVA (ISIN LT0000127466)",1280,"627,20 €","2,00 €","648,26 €"
2018-07-12,"AB ,,AUGA group"" PVA (ISIN LT0000127466)",500,"245,00 €","0,18 €","255,64 €"
2018-07-12,"AB ,,AUGA group"" PVA (ISIN LT0000127466)",20,"9,80 €","0,03 €","10,23 €"
2018-07-12,"AB ,,AUGA group"" PVA (ISIN LT0000127466)",1800,"882,00 €","2,21 €","913,41 €"
2018-07-12,"AB ,,AUGA group"" PVA (ISIN LT0000127466)",240,"117,60 €","2,00 €","116,64 €"
2018-07-12,JSC Grindeks (ISIN LV0000100659),100,"732,00 €","0,00 €","760,22 €"
2018-07-12,JSC Olainfarm (ISIN LV0000100501),249,"1.929,75 €","4,82 €","2.076,83 €"
2018-07-13,"AB ,,AUGA group"" PVA (ISIN LT0000127466)",1700,"833,00 €","2,08 €","823,42 €"
2018-07-13,"AB ,,AUGA group"" PVA (ISIN LT0000127466)",1100,"539,00 €","1,35 €","533,08 €"
2018-07-13,"AB ,,AUGA group"" PVA (ISIN LT0000127466)",200,"97,60 €","0,24 €","97,04 €"
2018-07-13,"AB ,,AUGA group"" PVA (ISIN LT0000127466)",1976,"968,24 €","2,42 €","956,43 €"
2018-07-13,"AB ,,AUGA group"" PVA (ISIN LT0000127466)",24,"11,76 €","0,03 €","11,60 €"
2018-07-13,"AB ,,AUGA group"" PVA (ISIN LT0000127466)",1800,"882,00 €","2,21 €","894,67 €"
2018-07-13,"AB ,,Grigeo"" PVA (ISIN LT0000102030)",301,"433,44 €","0,00 €","412,73 €"
2018-07-13,"AB ,,Grigeo"" PVA (ISIN LT0000102030)",254,"365,76 €","2,00 €","349,39 €"
2018-07-13,"AB ,,AUGA group"" PVA (ISIN LT0000127466)",300,"147,00 €","0,21 €","146,77 €"
2018-07-13,"AB ,,AUGA group"" PVA (ISIN LT0000127466)",1500,"735,00 €","2,00 €","735,53 €"
2018-07-13,JSC Latvijas balzams (ISIN LV0000100808),155,"1.317,50 €","3,29 €","1.355,20 €"
2018-07-17,JSC Latvijas balzams (ISIN LV0000100808),95,"817,00 €","2,04 €","817,60 €"
2018-07-17,JSC Grindeks (ISIN LV0000100659),5,"36,60 €","0,00 €","37,89 €"
2018-07-17,"AB ,,LITGRID"" PVA (ISIN LT0000128415)",460,"322,00 €","2,00 €","313,58 €"
2018-07-19,"AB ,,LITGRID"" PVA (ISIN LT0000128415)",540,"378,00 €","0,00 €","369,39 €"
2018-07-19,JSC Latvijas Gaze (ISIN LV0000100899),6,"66,00 €","2,00 €","65,56 €"
2018-07-23,JSC Olainfarm (ISIN LV0000100501),130,"942,50 €","2,36 €","986,42 €"
2018-07-23,JSC Latvijas Gaze (ISIN LV0000100899),44,"484,00 €","0,00 €","480,80 €"
2018-07-23,JSC Latvijas balzams (ISIN LV0000100808),27,"229,50 €","2,00 €","226,80 €"
2018-07-24,JSC Olainfarm (ISIN LV0000100501),90,"652,50 €","0,72 €","681,20 €"
2018-07-24,JSC Olainfarm (ISIN LV0000100501),400,"2.860,00 €","7,15 €","3.027,55 €"
2018-07-24,JSC Olainfarm (ISIN LV0000100501),60,"435,00 €","2,00 €","454,13 €"
2018-07-24,JSC Valmieras stikla skiedra (ISIN LV0000100485),10,"33,60 €","2,00 €","34,98 €"
2018-07-24,JSC Latvijas Gaze (ISIN LV0000100899),45,"495,00 €","0,61 €","483,85 €"
2018-07-24,"AB ,,AUGA group"" PVA (ISIN LT0000127466)",9219,"4.609,50 €","11,52 €","4.515,34 €"
2018-07-25,"AB ,,Grigeo"" PVA (ISIN LT0000102030)",200,"298,00 €","0,00 €","273,26 €"
2018-07-25,"AB ,,Grigeo"" PVA (ISIN LT0000102030)",100,"149,00 €","0,00 €","137,32 €"
2018-07-25,"AB ,,Grigeo"" PVA (ISIN LT0000102030)",100,"149,00 €","0,00 €","137,32 €"
2018-07-25,JSC Grindeks (ISIN LV0000100659),16,"113,92 €","0,29 €","121,32 €"
2018-07-25,JSC Grindeks (ISIN LV0000100659),98,"697,76 €","0,56 €","741,49 €"
2018-07-25,JSC Grindeks (ISIN LV0000100659),46,"327,52 €","2,00 €","348,44 €"
2018-07-25,"AB ,,Grigeo"" PVA (ISIN LT0000102030)",28,"41,72 €","2,00 €","38,45 €"
2018-07-25,JSC Olainfarm (ISIN LV0000100501),2,"14,30 €","0,04 €","14,94 €"
2018-07-25,JSC Olainfarm (ISIN LV0000100501),98,"700,70 €","1,00 €","736,69 €"
2018-07-25,JSC Olainfarm (ISIN LV0000100501),70,"500,50 €","2,00 €","527,06 €"
2018-07-25,JSC Olainfarm (ISIN LV0000100501),98,"705,60 €","2,00 €","741,76 €"
2018-07-26,JSC Grindeks (ISIN LV0000100659),15,"107,70 €","2,00 €","113,74 €"
2018-07-26,"AB ,,Grigeo"" PVA (ISIN LT0000102030)",350,"519,75 €","0,04 €","497,63 €"
2018-07-26,"AB ,,Grigeo"" PVA (ISIN LT0000102030)",100,"148,50 €","0,00 €","142,73 €"
2018-07-26,"AB ,,Grigeo"" PVA (ISIN LT0000102030)",100,"148,50 €","2,00 €","142,73 €"
2018-07-26,"AB ,,Grigeo"" PVA (ISIN LT0000102030)",1114,"1.648,72 €","4,12 €","1.591,26 €"
2018-07-26,"AB ,,Grigeo"" PVA (ISIN LT0000102030)",706,"1.044,88 €","1,08 €","1.000,06 €"
2018-07-26,"AB ,,Grigeo"" PVA (ISIN LT0000102030)",422,"628,78 €","1,17 €","598,62 €"
2018-07-26,"AB ,,LITGRID"" PVA (ISIN LT0000128415)",10,"7,00 €","0,00 €","6,87 €"
2018-07-26,"AB ,,Grigeo"" PVA (ISIN LT0000102030)",250,"371,25 €","2,00 €","354,63 €"
2018-07-26,"AB ,,Grigeo"" PVA (ISIN LT0000102030)",100,"148,50 €","0,00 €","141,85 €"
2018-07-26,"AB ,,Grigeo"" PVA (ISIN LT0000102030)",100,"148,50 €","0,00 €","141,85 €"
2018-07-26,"AB ,,Grigeo"" PVA (ISIN LT0000102030)",100,"148,50 €","0,04 €","141,85 €"
2018-07-26,"AB ,,Grigeo"" PVA (ISIN LT0000102030)",125,"185,63 €","2,00 €","170,64 €"
2018-07-27,JSC Olainfarm (ISIN LV0000100501),118,"849,60 €","2,12 €","846,01 €"
2018-07-27,JSC Olainfarm (ISIN LV0000100501),417,"3.002,40 €","5,87 €","3.084,04 €"
2018-07-27,JSC Olainfarm (ISIN LV0000100501),20,"144,00 €","2,00 €","149,37 €"
2018-07-27,JSC Valmieras stikla skiedra (ISIN LV0000100485),10,"33,60 €","0,00 €","34,98 €"
2018-07-27,JSC Grindeks (ISIN LV0000100659),35,"251,30 €","0,06 €","261,85 €"
2018-07-27,JSC Grindeks (ISIN LV0000100659),65,"466,70 €","0,00 €","492,45 €"
2018-07-30,JSC Valmieras stikla skiedra (ISIN LV0000100485),30,"100,80 €","0,00 €","104,95 €"
2018-07-31,JSC Latvijas balzams (ISIN LV0000100808),58,"493,00 €","0,00 €","489,20 €"
2018-07-31,JSC Olainfarm (ISIN LV0000100501),151,"1.117,40 €","2,79 €","1.063,65 €"
2018-08-01,JSC Olainfarm (ISIN LV0000100501),60,"444,00 €","1,11 €","421,05 €"
2018-08-01,JSC Olainfarm (ISIN LV0000100501),150,"1.110,00 €","2,78 €","1.052,63 €"
2018-08-01,JSC Olainfarm (ISIN LV0000100501),39,"288,60 €","0,73 €","273,68 €"
2018-08-02,"AB ""Amber Grid"" PVA (ISIN LT0000128696)",300,"438,00 €","2,00 €","427,07 €"
2018-08-02,Tallink Grupp (ISIN EE3100004466),3000,"3.120,00 €","7,80 €","3.137,32 €"
2018-08-03,"AB ,,Grigeo"" PVA (ISIN LT0000102030)",500,"770,00 €","2,00 €","709,27 €"
2018-08-03,"AB ,,Grigeo"" PVA (ISIN LT0000102030)",400,"616,00 €","1,47 €","570,42 €"
2018-08-03,JSC Olainfarm (ISIN LV0000100501),247,"1.803,10 €","4,51 €","1.746,77 €"
2018-08-03,Tallink Grupp (ISIN EE3100004466),1585,"1.648,40 €","4,12 €","1.683,28 €"
2018-08-03,JSC Olainfarm (ISIN LV0000100501),50,"365,00 €","0,91 €","360,90 €"
2018-08-03,JSC Olainfarm (ISIN LV0000100501),100,"730,00 €","1,82 €","721,80 €"
2018-08-03,JSC Olainfarm (ISIN LV0000100501),295,"2.153,50 €","5,39 €","2.129,81 €"
2018-08-03,JSC Olainfarm (ISIN LV0000100501),150,"1.095,00 €","2,74 €","1.082,70 €"
2018-08-06,JSC Latvijas Gaze (ISIN LV0000100899),95,"1.026,00 €","2,57 €","1.016,62 €"
2018-08-06,JSC Latvijas Gaze (ISIN LV0000100899),35,"381,50 €","2,00 €","372,40 €"
2018-08-06,JSC Latvijas Gaze (ISIN LV0000100899),5,"54,50 €","0,00 €","54,33 €"
2018-08-06,JSC Latvijas Gaze (ISIN LV0000100899),95,"1.026,00 €","2,57 €","1.018,10 €"
2018-08-06,JSC Latvijas Gaze (ISIN LV0000100899),55,"599,50 €","0,59 €","589,65 €"
2018-08-06,JSC Latvijas Gaze (ISIN LV0000100899),95,"1.026,00 €","2,57 €","1.000,86 €"
2018-08-06,"AB ""Amber Grid"" PVA (ISIN LT0000128696)",400,"584,00 €","2,00 €","569,42 €"
2018-08-06,Tallink Grupp (ISIN EE3100004466),4000,"4.120,00 €","10,30 €","4.222,13 €"
2018-08-06,JSC Grindeks (ISIN LV0000100659),100,"718,00 €","2,00 €","739,84 €"
2018-08-06,JSC Grindeks (ISIN LV0000100659),15,"107,70 €","0,06 €","110,76 €"
2018-08-06,JSC Grindeks (ISIN LV0000100659),19,"136,42 €","2,00 €","140,30 €"
2018-08-06,"AB ""Amber Grid"" PVA (ISIN LT0000128696)",650,"955,50 €","1,48 €","925,31 €"
2018-08-06,Tallink Grupp (ISIN EE3100004466),1100,"1.144,00 €","2,86 €","1.178,48 €"
2018-08-07,"AB ,,Grigeo"" PVA (ISIN LT0000102030)",26,"40,30 €","2,00 €","37,40 €"
2018-08-07,"AB ,,Grigeo"" PVA (ISIN LT0000102030)",800,"1.240,00 €","1,20 €","1.150,87 €"
2018-08-07,"AB ,,Grigeo"" PVA (ISIN LT0000102030)",100,"155,00 €","0,39 €","143,86 €"
2018-08-07,"AB ,,Grigeo"" PVA (ISIN LT0000102030)",74,"114,70 €","0,29 €","106,46 €"
2018-08-07,JSC Latvijas Gaze (ISIN LV0000100899),45,"486,00 €","2,00 €","473,68 €"
2018-08-07,Tallink Grupp (ISIN EE3100004466),450,"468,00 €","2,00 €","473,68 €"
2018-08-07,"AB ""Amber Grid"" PVA (ISIN LT0000128696)",65,"94,90 €","0,19 €","92,53 €"
2018-08-07,Tallink Grupp (ISIN EE3100004466),242,"251,68 €","0,08 €","254,74 €"
2018-08-07,Tallink Grupp (ISIN EE3100004466),1164,"1.216,38 €","3,04 €","1.285,91 €"
2018-08-07,"AB ,,LITGRID"" PVA (ISIN LT0000128415)",1860,"1.302,00 €","3,26 €","1.277,92 €"
2018-08-07,"AB ,,LITGRID"" PVA (ISIN LT0000128415)",490,"343,00 €","0,63 €","335,80 €"
2018-08-07,"AB ""Amber Grid"" PVA (ISIN LT0000128696)",135,"197,10 €","0,00 €","192,18 €"
2018-08-07,Tallink Grupp (ISIN EE3100004466),108,"112,32 €","0,00 €","113,68 €"
2018-08-08,",,Energijos skirstymo operatorius"", AB PVA (ISIN LT0000130023)",1000,"858,00 €","2,15 €","882,20 €"
2018-08-08,"AB ,,Grigeo"" PVA (ISIN LT0000102030)",700,"1.074,50 €","2,69 €","1.007,02 €"
2018-08-08,"AB ,,Grigeo"" PVA (ISIN LT0000102030)",1000,"1.540,00 €","3,85 €","1.438,59 €"
2018-08-08,Silvano Fashion Group (ISIN EE3100001751),1307,"3.724,95 €","8,51 €","2.303,18 €"
2018-08-08,Silvano Fashion Group (ISIN EE3100001751),18,"51,30 €","2,00 €","50,35 €"
2018-08-08,Silvano Fashion Group (ISIN EE3100001751),100,"285,00 €","0,00 €","279,70 €"
2018-08-08,Silvano Fashion Group (ISIN EE3100001751),50,"142,50 €","0,00 €","139,85 €"
2018-08-08,JSC Latvijas Gaze (ISIN LV0000100899),35,"378,00 €","0,16 €","368,42 €"
2018-08-09,"AB ,,Grigeo"" PVA (ISIN LT0000102030)",1000,"1.550,00 €","3,88 €","1.437,60 €"
2018-08-09,"AB ,,LITGRID"" PVA (ISIN LT0000128415)",1500,"1.050,00 €","2,63 €","1.022,55 €"
2018-08-09,"AB ,,Grigeo"" PVA (ISIN LT0000102030)",1300,"2.021,50 €","5,05 €","1.864,99 €"
2018-08-10,JSC Latvijas balzams (ISIN LV0000100808),3,"25,50 €","0,00 €","25,20 €"
2018-08-10,JSC Grindeks (ISIN LV0000100659),115,"825,70 €","2,06 €","859,25 €"
2018-08-10,JSC Grindeks (ISIN LV0000100659),96,"689,28 €","0,06 €","709,06 €"
2018-08-13,",,Energijos skirstymo operatorius"", AB PVA (ISIN LT0000130023)",1000,"856,00 €","2,14 €","886,21 €"
2018-08-13,"AB ,,Grigeo"" PVA (ISIN LT0000102030)",394,"620,55 €","0,36 €","563,99 €"
2018-08-13,"AB ,,Grigeo"" PVA (ISIN LT0000102030)",200,"315,00 €","0,00 €","286,23 €"
2018-08-13,"AB ,,Grigeo"" PVA (ISIN LT0000102030)",6,"9,45 €","2,00 €","8,59 €"
2018-08-14,JSC Grindeks (ISIN LV0000100659),115,"818,80 €","2,05 €","856,30 €"
2018-08-15,JSC Valmieras stikla skiedra (ISIN LV0000100485),195,"639,60 €","2,00 €","680,87 €"
2018-08-20,",,Energijos skirstymo operatorius"", AB PVA (ISIN LT0000130023)",1000,"854,00 €","2,14 €","852,13 €"
2018-08-20,"AB ,,AUGA group"" PVA (ISIN LT0000127466)",67,"32,83 €","2,00 €","32,37 €"
2018-08-20,"AB ,,AUGA group"" PVA (ISIN LT0000127466)",146,"71,54 €","0,00 €","70,55 €"
2018-08-20,"AB ,,AUGA group"" PVA (ISIN LT0000127466)",200,"98,00 €","0,00 €","96,65 €"
2018-08-20,"AB ,,AUGA group"" PVA (ISIN LT0000127466)",47,"23,03 €","0,06 €","22,37 €"
2018-08-20,"AB ,,AUGA group"" PVA (ISIN LT0000127466)",2440,"1.195,60 €","1,62 €","1.176,69 €"
2018-08-20,"AB ,,AUGA group"" PVA (ISIN LT0000127466)",200,"98,00 €","0,24 €","96,24 €"
2018-08-20,"AB ,,AUGA group"" PVA (ISIN LT0000127466)",2000,"980,00 €","2,45 €","955,63 €"
2018-08-20,"AB ,,AUGA group"" PVA (ISIN LT0000127466)",100,"49,00 €","0,00 €","48,33 €"
2018-08-21,",,Energijos skirstymo operatorius"", AB PVA (ISIN LT0000130023)",349,"298,05 €","2,00 €","299,49 €"
2018-08-21,",,Energijos skirstymo operatorius"", AB PVA (ISIN LT0000130023)",485,"414,19 €","0,14 €","416,20 €"
2018-08-21,",,Energijos skirstymo operatorius"", AB PVA (ISIN LT0000130023)",166,"141,76 €","0,00 €","142,46 €"
2018-08-22,"AB ""Amber Grid"" PVA (ISIN LT0000128696)",350,"500,50 €","0,50 €","499,75 €"
2018-08-22,"AB ,,Grigeo"" PVA (ISIN LT0000102030)",900,"1.372,50 €","3,43 €","1.289,21 €"
2018-08-22,"AB ,,Grigeo"" PVA (ISIN LT0000102030)",645,"983,63 €","2,46 €","921,44 €"
2018-08-22,"AB ,,Grigeo"" PVA (ISIN LT0000102030)",200,"305,00 €","0,76 €","285,71 €"
2018-08-22,"AB ,,Grigeo"" PVA (ISIN LT0000102030)",55,"83,88 €","0,21 €","78,58 €"
2018-08-22,"AB ,,Grigeo"" PVA (ISIN LT0000102030)",45,"68,63 €","2,00 €","64,29 €"
2018-08-22,JSC Valmieras stikla skiedra (ISIN LV0000100485),195,"639,60 €","2,00 €","680,30 €"
2018-08-22,"AB ""Amber Grid"" PVA (ISIN LT0000128696)",350,"500,50 €","2,00 €","498,24 €"
2018-08-23,"AB ""Amber Grid"" PVA (ISIN LT0000128696)",600,"858,00 €","2,15 €","872,18 €"
2018-08-23,"AB ""Amber Grid"" PVA (ISIN LT0000128696)",400,"572,00 €","2,00 €","582,18 €"
2018-08-23,"AB ""Amber Grid"" PVA (ISIN LT0000128696)",200,"286,00 €","0,15 €","290,00 €"
2018-08-23,JSC Latvijas balzams (ISIN LV0000100808),40,"340,00 €","0,72 €","336,00 €"
2018-08-23,"AB ,,Grigeo"" PVA (ISIN LT0000102030)",955,"1.456,38 €","1,81 €","1.370,00 €"
2018-08-23,",,Energijos skirstymo operatorius"", AB PVA (ISIN LT0000130023)",2000,"1.708,00 €","4,27 €","1.704,26 €"
2018-08-27,JSC Grindeks (ISIN LV0000100659),170,"1.190,00 €","2,98 €","1.255,95 €"
2018-08-28,JSC Grindeks (ISIN LV0000100659),150,"1.041,00 €","2,60 €","1.106,76 €"
2018-08-28,JSC Grindeks (ISIN LV0000100659),250,"1.725,00 €","4,31 €","1.829,56 €"
2018-08-28,JSC Olainfarm (ISIN LV0000100501),141,"987,00 €","2,47 €","989,71 €"
2018-08-28,JSC Olainfarm (ISIN LV0000100501),159,"1.113,00 €","2,55 €","1.130,52 €"
2018-08-28,JSC Olainfarm (ISIN LV0000100501),101,"707,00 €","2,00 €","739,14 €"
2018-08-29,"AB ,,AUGA group"" PVA (ISIN LT0000127466)",1224,"604,66 €","2,00 €","589,45 €"
2018-08-29,",,Lietuvos energijos gamyba"", AB PVA (ISIN LT0000128571)",350,"201,25 €","0,00 €","210,53 €"
2018-08-29,",,Lietuvos energijos gamyba"", AB PVA (ISIN LT0000128571)",1000,"575,00 €","2,00 €","601,50 €"
2018-08-29,JSC Grindeks (ISIN LV0000100659),5,"34,70 €","0,09 €","34,89 €"
2018-08-29,JSC Grindeks (ISIN LV0000100659),95,"661,20 €","2,00 €","658,86 €"
2018-08-29,JSC Grindeks (ISIN LV0000100659),150,"1.041,00 €","2,60 €","1.075,98 €"
2018-08-29,JSC Grindeks (ISIN LV0000100659),20,"138,80 €","0,34 €","145,56 €"
2018-08-29,JSC Grindeks (ISIN LV0000100659),130,"902,20 €","2,26 €","949,67 €"
2018-08-29,"AB ,,AUGA group"" PVA (ISIN LT0000127466)",138,"68,17 €","0,00 €","68,50 €"
2018-08-29,JSC Olainfarm (ISIN LV0000100501),14,"98,00 €","0,24 €","98,00 €"
2018-08-30,JSC Grindeks (ISIN LV0000100659),100,"694,00 €","2,00 €","697,14 €"
2018-08-30,",,Lietuvos energijos gamyba"", AB PVA (ISIN LT0000128571)",100,"57,50 €","0,08 €","60,15 €"
2018-08-30,JSC Grindeks (ISIN LV0000100659),95,"659,30 €","1,38 €","651,42 €"
2018-08-30,JSC Grindeks (ISIN LV0000100659),20,"139,20 €","0,00 €","137,14 €"
2018-08-31,"AB ,,Grigeo"" PVA (ISIN LT0000102030)",1184,"1.746,40 €","4,37 €","1.740,97 €"
2018-08-31,"AB ,,Grigeo"" PVA (ISIN LT0000102030)",340,"501,50 €","2,00 €","511,28 €"
2018-08-31,",,Lietuvos energijos gamyba"", AB PVA (ISIN LT0000128571)",100,"57,50 €","2,00 €","60,15 €"
2018-08-31,"AB ,,Grigeo"" PVA (ISIN LT0000102030)",1000,"1.475,00 €","3,69 €","1.503,08 €"
2018-08-31,"AB ,,Grigeo"" PVA (ISIN LT0000102030)",1000,"1.470,00 €","3,68 €","1.479,73 €"
2018-08-31,"AB ,,Grigeo"" PVA (ISIN LT0000102030)",816,"1.203,60 €","1,32 €","1.170,70 €"
2018-08-31,"AB ,,Grigeo"" PVA (ISIN LT0000102030)",84,"123,90 €","2,00 €","121,06 €"
2018-09-03,JSC Valmieras stikla skiedra (ISIN LV0000100485),20,"60,80 €","2,00 €","69,77 €"
2018-09-03,"AB ,,Grigeo"" PVA (ISIN LT0000102030)",1000,"1.465,00 €","3,66 €","1.503,75 €"
2018-09-03,"AB ,,Grigeo"" PVA (ISIN LT0000102030)",100,"146,50 €","0,37 €","150,38 €"
2018-09-03,"AB ,,Grigeo"" PVA (ISIN LT0000102030)",802,"1.174,93 €","2,94 €","1.206,01 €"
2018-09-03,"AB ,,Grigeo"" PVA (ISIN LT0000102030)",950,"1.391,75 €","3,48 €","1.428,57 €"
2018-09-03,"AB ""Amber Grid"" PVA (ISIN LT0000128696)",65,"91,65 €","2,00 €","93,83 €"
2018-09-03,JSC Valmieras stikla skiedra (ISIN LV0000100485),20,"60,80 €","0,00 €","69,77 €"
2018-09-04,JSC Valmieras stikla skiedra (ISIN LV0000100485),230,"653,20 €","2,00 €","787,12 €"
2018-09-04,JSC Valmieras stikla skiedra (ISIN LV0000100485),100,"290,00 €","0,00 €","344,78 €"
2018-09-04,JSC Valmieras stikla skiedra (ISIN LV0000100485),88,"255,20 €","2,00 €","307,00 €"
2018-09-04,JSC Valmieras stikla skiedra (ISIN LV0000100485),10,"30,40 €","0,00 €","34,89 €"
2018-09-04,JSC Valmieras stikla skiedra (ISIN LV0000100485),72,"208,80 €","0,00 €","246,86 €"
2018-09-05,",,Lietuvos energijos gamyba"", AB PVA (ISIN LT0000128571)",1260,"724,50 €","0,00 €","752,24 €"
2018-09-05,",,Lietuvos energijos gamyba"", AB PVA (ISIN LT0000128571)",40,"23,00 €","0,01 €","23,33 €"
2018-09-06,JSC Valmieras stikla skiedra (ISIN LV0000100485),274,"728,84 €","2,00 €","932,69 €"
2018-09-06,JSC Valmieras stikla skiedra (ISIN LV0000100485),901,"2.396,66 €","5,81 €","2.983,21 €"
2018-09-06,",,Lietuvos energijos gamyba"", AB PVA (ISIN LT0000128571)",1200,"702,00 €","2,00 €","697,74 €"
2018-09-06,",,Lietuvos energijos gamyba"", AB PVA (ISIN LT0000128571)",800,"468,00 €","0,05 €","461,71 €"
2018-09-06,",,Lietuvos energijos gamyba"", AB PVA (ISIN LT0000128571)",600,"351,00 €","2,00 €","347,23 €"
2018-09-07,Tallink Grupp (ISIN EE3100004466),2900,"2.894,20 €","7,24 €","3.112,26 €"
2018-09-10,JSC Latvijas balzams (ISIN LV0000100808),12,"102,00 €","0,26 €","100,80 €"
2018-09-10,"AB ""Amber Grid"" PVA (ISIN LT0000128696)",700,"973,00 €","2,43 €","1.010,52 €"
2018-09-11,Olympic Entertainment Group (ISIN EE3100084021),60,"94,80 €","0,00 €","98,04 €"
2018-09-11,Olympic Entertainment Group (ISIN EE3100084021),300,"474,00 €","2,00 €","487,89 €"
2018-09-12,"AB ""Amber Grid"" PVA (ISIN LT0000128696)",15,"20,85 €","0,00 €","21,65 €"
2018-09-12,"AB ""Amber Grid"" PVA (ISIN LT0000128696)",20,"27,80 €","2,00 €","28,87 €"
2018-09-12,"AB ""Amber Grid"" PVA (ISIN LT0000128696)",500,"695,00 €","0,00 €","721,80 €"
2018-09-14,"AB ,,Grigeo"" PVA (ISIN LT0000102030)",150,"219,75 €","0,55 €","225,56 €"
2018-09-14,JSC Latvijas Gaze (ISIN LV0000100899),75,"810,00 €","0,57 €","789,47 €"
2018-09-14,JSC Latvijas Gaze (ISIN LV0000100899),95,"1.016,50 €","2,54 €","999,99 €"
2018-09-14,"AB ,,Grigeo"" PVA (ISIN LT0000102030)",650,"952,25 €","0,75 €","977,44 €"
2018-09-14,JSC Grindeks (ISIN LV0000100659),14,"96,04 €","2,00 €","95,44 €"
2018-09-14,"AB ,,Grigeo"" PVA (ISIN LT0000102030)",100,"146,50 €","2,00 €","150,38 €"
2018-09-14,JSC Latvijas Gaze (ISIN LV0000100899),20,"216,00 €","2,00 €","210,53 €"
2018-09-17,JSC Grindeks (ISIN LV0000100659),58,"397,88 €","0,00 €","395,39 €"
2018-09-17,JSC Latvijas Gaze (ISIN LV0000100899),90,"963,00 €","2,41 €","952,38 €"
2018-09-17,JSC Valmieras stikla skiedra (ISIN LV0000100485),195,"530,40 €","2,00 €","634,29 €"
2018-09-18,JSC Latvijas Gaze (ISIN LV0000100899),40,"432,00 €","2,00 €","425,06 €"
2018-09-19,JSC Latvijas balzams (ISIN LV0000100808),13,"110,50 €","0,27 €","109,20 €"
2018-09-20,JSC Valmieras stikla skiedra (ISIN LV0000100485),195,"569,40 €","2,00 €","631,98 €"
2018-09-20,JSC Latvijas balzams (ISIN LV0000100808),115,"977,50 €","2,44 €","962,65 €"
2018-09-20,"AB ,,Grigeo"" PVA (ISIN LT0000102030)",7,"10,26 €","2,00 €","10,53 €"
2018-09-20,JSC Latvijas Gaze (ISIN LV0000100899),18,"194,40 €","0,00 €","189,68 €"
2018-09-21,"AB ,,Grigeo"" PVA (ISIN LT0000102030)",20,"29,30 €","0,00 €","30,08 €"
2018-09-21,"AB ,,Grigeo"" PVA (ISIN LT0000102030)",70,"102,55 €","0,00 €","105,26 €"
2018-09-24,JSC Latvijas Gaze (ISIN LV0000100899),88,"950,40 €","1,94 €","917,49 €"
2018-09-24,JSC Latvijas Gaze (ISIN LV0000100899),4,"43,20 €","0,11 €","41,70 €"
2018-09-25,JSC Valmieras stikla skiedra (ISIN LV0000100485),192,"556,80 €","2,00 €","598,36 €"
2018-09-25,JSC Valmieras stikla skiedra (ISIN LV0000100485),295,"867,30 €","2,17 €","929,59 €"
2018-09-25,JSC Valmieras stikla skiedra (ISIN LV0000100485),230,"662,40 €","2,00 €","737,61 €"
2018-09-27,"AB ,,Grigeo"" PVA (ISIN LT0000102030)",10,"14,90 €","2,00 €","15,04 €"
2018-09-27,"AB ,,Grigeo"" PVA (ISIN LT0000102030)",900,"1.345,50 €","3,36 €","1.395,88 €"
2018-09-27,"AB ,,Grigeo"" PVA (ISIN LT0000102030)",890,"1.326,10 €","1,35 €","1.372,81 €"
2018-10-02,JSC Olainfarm (ISIN LV0000100501),150,"1.020,00 €","2,55 €","1.030,07 €"
2018-10-03,JSC Olainfarm (ISIN LV0000100501),140,"952,00 €","2,38 €","919,29 €"
2018-10-03,Silvano Fashion Group (ISIN EE3100001751),675,"1.782,00 €","4,46 €","1.810,32 €"
2018-10-04,Silvano Fashion Group (ISIN EE3100001751),188,"496,32 €","1,24 €","501,33 €"
2018-10-04,Silvano Fashion Group (ISIN EE3100001751),500,"1.320,00 €","3,30 €","1.334,78 €"
2018-10-05,"AB ,,Grigeo"" PVA (ISIN LT0000102030)",60,"89,40 €","0,05 €","92,03 €"
2018-10-05,"AB ,,Grigeo"" PVA (ISIN LT0000102030)",40,"59,60 €","2,00 €","61,35 €"
2018-10-05,"AB ,,Grigeo"" PVA (ISIN LT0000102030)",534,"790,32 €","2,00 €","816,58 €"
2018-10-05,"AB ,,Grigeo"" PVA (ISIN LT0000102030)",300,"444,00 €","1,09 €","454,93 €"
2018-10-05,"AB ,,Grigeo"" PVA (ISIN LT0000102030)",1000,"1.475,00 €","3,69 €","1.509,27 €"
2018-10-05,"AB ,,Grigeo"" PVA (ISIN LT0000102030)",2000,"2.950,00 €","7,37 €","2.996,79 €"
2018-10-05,"AB ,,Grigeo"" PVA (ISIN LT0000102030)",490,"730,10 €","2,00 €","751,74 €"
2018-10-05,Silvano Fashion Group (ISIN EE3100001751),2,"5,28 €","0,01 €","5,39 €"
2018-10-08,Silvano Fashion Group (ISIN EE3100001751),18,"47,52 €","0,12 €","10,78 €"
2018-10-08,"AB ,,Grigeo"" PVA (ISIN LT0000102030)",66,"97,68 €","0,24 €","98,85 €"
2018-10-08,JSC Grindeks (ISIN LV0000100659),60,"405,60 €","2,00 €","409,02 €"
2018-10-09,Silvano Fashion Group (ISIN EE3100001751),476,"1.256,64 €","3,14 €","1.256,64 €"
2018-10-10,"AB ,,Grigeo"" PVA (ISIN LT0000102030)",704,"1.034,88 €","1,18 €","1.052,33 €"
2018-10-10,"AB ,,Grigeo"" PVA (ISIN LT0000102030)",233,"343,68 €","2,00 €","347,43 €"
2018-10-10,"AB ,,Grigeo"" PVA (ISIN LT0000102030)",161,"236,67 €","2,00 €","240,07 €"
2018-10-10,"AB ,,Grigeo"" PVA (ISIN LT0000102030)",55,"81,13 €","0,20 €","82,01 €"
2018-10-10,"AB ,,Grigeo"" PVA (ISIN LT0000102030)",100,"147,50 €","0,01 €","149,11 €"
2018-10-10,"AB ,,Grigeo"" PVA (ISIN LT0000102030)",100,"147,50 €","0,00 €","149,29 €"
2018-10-10,"AB ,,Grigeo"" PVA (ISIN LT0000102030)",100,"147,50 €","0,00 €","150,95 €"
2018-10-10,"AB ,,Grigeo"" PVA (ISIN LT0000102030)",245,"361,38 €","2,00 €","365,89 €"
2018-10-10,"AB ,,Grigeo"" PVA (ISIN LT0000102030)",536,"787,92 €","0,94 €","800,62 €"
2018-10-10,"AB ,,Grigeo"" PVA (ISIN LT0000102030)",264,"388,08 €","2,00 €","394,44 €"
2018-10-11,"AB ,,Grigeo"" PVA (ISIN LT0000102030)",367,"541,33 €","0,21 €","547,74 €"
2018-10-11,"AB ,,Grigeo"" PVA (ISIN LT0000102030)",475,"691,13 €","2,00 €","710,50 €"
2018-10-11,"AB ,,Grigeo"" PVA (ISIN LT0000102030)",690,"1.000,50 €","2,50 €","1.006,46 €"
2018-10-11,"AB ,,Grigeo"" PVA (ISIN LT0000102030)",125,"181,88 €","0,18 €","182,34 €"
2018-10-11,"AB ,,Grigeo"" PVA (ISIN LT0000102030)",240,"348,00 €","0,87 €","349,04 €"
2018-10-11,"AB ,,Grigeo"" PVA (ISIN LT0000102030)",2067,"2.997,15 €","7,49 €","3.008,28 €"
2018-10-11,"AB ,,Grigeo"" PVA (ISIN LT0000102030)",603,"874,35 €","2,19 €","893,19 €"
2018-10-12,Olympic Entertainment Group (ISIN EE3100084021),2840,"3.976,00 €","0,00 €","4.544,73 €"
2018-10-15,"AB ,,Grigeo"" PVA (ISIN LT0000102030)",32,"46,24 €","2,00 €","46,68 €"
2018-10-15,JSC Latvijas balzams (ISIN LV0000100808),11,"93,50 €","2,00 €","93,85 €"
2018-10-15,"AB ,,Grigeo"" PVA (ISIN LT0000102030)",1968,"2.843,76 €","5,23 €","2.877,77 €"
2018-10-18,"AB ,,Grigeo"" PVA (ISIN LT0000102030)",1200,"1.752,00 €","4,38 €","1.770,70 €"
2018-10-19,"AB ,,Grigeo"" PVA (ISIN LT0000102030)",100,"147,00 €","0,37 €","151,38 €"
2018-10-19,"AB ,,Grigeo"" PVA (ISIN LT0000102030)",100,"147,50 €","2,00 €","151,88 €"
2018-10-19,"AB ,,Grigeo"" PVA (ISIN LT0000102030)",100,"147,00 €","0,37 €","151,57 €"
2018-10-19,"AB ,,Grigeo"" PVA (ISIN LT0000102030)",100,"147,00 €","0,36 €","151,38 €"
2018-10-19,"AB ,,Grigeo"" PVA (ISIN LT0000102030)",600,"882,00 €","2,21 €","908,27 €"
2018-10-19,"AB ,,Grigeo"" PVA (ISIN LT0000102030)",900,"1.318,50 €","3,30 €","1.362,40 €"
2018-10-22,"AB ,,Grigeo"" PVA (ISIN LT0000102030)",800,"1.180,00 €","1,32 €","1.215,29 €"
2018-10-23,"AB ,,Grigeo"" PVA (ISIN LT0000102030)",200,"295,00 €","0,74 €","292,73 €"
2018-10-23,"AB ,,Grigeo"" PVA (ISIN LT0000102030)",70,"103,25 €","0,26 €","102,46 €"
2018-10-23,"AB ,,Grigeo"" PVA (ISIN LT0000102030)",600,"885,00 €","2,21 €","887,62 €"
2018-10-23,Boost WTI Oil 3x Short Daily ETP (ISIN IE00B7SX5Y86),185,"2.894,51 €","35,00 €","2.551,00 €"
2018-10-26,Boost WTI Oil 3x Short Daily ETP (ISIN IE00B7SX5Y86),195,"3.333,72 €","35,00 €","3.155,00 €"
2018-10-30,"AB ""Amber Grid"" PVA (ISIN LT0000128696)",700,"938,00 €","2,35 €","912,28 €"
2018-11-02,"AB ,,Grigeo"" PVA (ISIN LT0000102030)",650,"932,75 €","2,33 €","951,37 €"
2018-11-02,Tallink Grupp (ISIN EE3100004466),750,"729,00 €","0,19 €","742,85 €"
2018-11-02,Tallink Grupp (ISIN EE3100004466),900,"874,80 €","2,19 €","893,03 €"
2018-11-02,JSC Grindeks (ISIN LV0000100659),100,"588,00 €","2,00 €","668,55 €"
2018-11-02,Tallink Grupp (ISIN EE3100004466),150,"145,80 €","2,00 €","148,57 €"
2018-11-05,Boost WTI Oil 3x Short Daily ETP (ISIN IE00B7SX5Y86),195,"3.841,50 €","35,00 €","3.524,90 €"
2018-11-06,Silvano Fashion Group (ISIN EE3100001751),350,"864,50 €","2,16 €","864,50 €"
2018-11-06,JSC Grindeks (ISIN LV0000100659),50,"294,00 €","0,21 €","332,83 €"
2018-11-06,Tallink Grupp (ISIN EE3100004466),450,"454,50 €","2,00 €","446,61 €"
2018-11-07,"AB ,,Grigeo"" PVA (ISIN LT0000102030)",700,"1.032,50 €","2,58 €","1.024,55 €"
2018-11-12,JSC Grindeks (ISIN LV0000100659),22,"129,36 €","0,00 €","149,61 €"
2018-11-12,JSC Grindeks (ISIN LV0000100659),58,"341,04 €","2,00 €","393,83 €"
2018-11-13,JSC Grindeks (ISIN LV0000100659),141,"829,08 €","1,25 €","954,22 €"
2018-11-14,JSC Grindeks (ISIN LV0000100659),159,"960,36 €","2,40 €","1.076,88 €"
2018-11-15,JSC Olainfarm (ISIN LV0000100501),104,"728,00 €","2,00 €","651,62 €"
2018-11-16,JSC Olainfarm (ISIN LV0000100501),344,"2.356,40 €","5,89 €","2.284,76 €"
2018-11-16,JSC Olainfarm (ISIN LV0000100501),438,"3.000,30 €","7,50 €","2.844,89 €"
2018-11-16,JSC Olainfarm (ISIN LV0000100501),118,"808,30 €","2,02 €","746,06 €"
2018-11-19,Silvano Fashion Group (ISIN EE3100001751),250,"592,50 €","0,07 €","592,50 €"
2018-11-19,Silvano Fashion Group (ISIN EE3100001751),100,"237,00 €","2,00 €","237,00 €"
2018-11-21,Boost WTI Oil 3x Leverage Daily ETP (ISIN IE00B7ZQC614),5300,"3.975,00 €","35,00 €","5.307,00 €"
2018-11-22,JSC Latvijas Gaze (ISIN LV0000100899),109,"1.155,40 €","2,89 €","1.126,76 €"
2018-11-22,JSC Olainfarm (ISIN LV0000100501),198,"1.376,10 €","3,44 €","1.341,15 €"
2018-11-22,JSC Olainfarm (ISIN LV0000100501),5,"35,00 €","0,00 €","34,09 €"
2018-11-22,JSC Olainfarm (ISIN LV0000100501),81,"567,00 €","1,33 €","552,18 €"
2018-11-22,Boost WTI Oil 3x Short Daily ETP (ISIN IE00B7SX5Y86),110,"3.333,00 €","35,00 €","2.961,00 €"
2018-11-26,Tallink Grupp (ISIN EE3100004466),340,"358,70 €","2,00 €","339,28 €"
2018-11-26,Tallink Grupp (ISIN EE3100004466),560,"590,80 €","0,37 €","555,75 €"
2018-11-27,Boost WTI Oil 3x Short Daily ETP (ISIN IE00B7SX5Y86),90,"3.200,40 €","35,00 €","3.039,65 €"
2018-11-30,JSC Grindeks (ISIN LV0000100659),139,"817,32 €","0,34 €","928,53 €"
2018-11-30,JSC Grindeks (ISIN LV0000100659),20,"117,60 €","2,00 €","135,12 €"
2018-12-05,JSC Latvijas Gaze (ISIN LV0000100899),111,"1.165,50 €","2,91 €","1.141,53 €"
2018-12-06,JSC Latvijas Gaze (ISIN LV0000100899),1,"10,50 €","0,03 €","10,20 €"
2018-12-06,"AB ,,Grigeo"" PVA (ISIN LT0000102030)",1,"1,40 €","0,00 €","1,42 €"
2018-12-06,JSC Latvijas Gaze (ISIN LV0000100899),48,"504,00 €","1,26 €","489,60 €"
2018-12-06,"AB ,,Grigeo"" PVA (ISIN LT0000102030)",759,"1.062,60 €","2,66 €","1.089,90 €"
2018-12-12,Boost WTI Oil 3x Short Daily ETP (ISIN IE00B7SX5Y86),100,"3.235,00 €","35,00 €","3.475,00 €"
2018-12-17,JSC Grindeks (ISIN LV0000100659),150,"975,00 €","2,44 €","956,27 €"
2018-12-17,JSC Grindeks (ISIN LV0000100659),128,"832,00 €","2,08 €","796,46 €"
2018-12-18,JSC Grindeks (ISIN LV0000100659),99,"643,50 €","1,61 €","606,41 €"
2018-12-19,JSC Grindeks (ISIN LV0000100659),500,"3.190,00 €","7,98 €","3.143,14 €"
2018-12-19,JSC Grindeks (ISIN LV0000100659),30,"191,40 €","0,47 €","181,75 €"
2018-12-20,Boost WTI Oil 3x Short Daily ETP (ISIN IE00B7SX5Y86),90,"3.492,00 €","35,00 €","2.802,50 €"
2018-12-20,JSC Grindeks (ISIN LV0000100659),188,"1.222,00 €","3,06 €","1.118,67 €"
2018-12-20,JSC Grindeks (ISIN LV0000100659),150,"972,00 €","2,43 €","905,58 €"
2018-12-20,JSC Valmieras stikla skiedra (ISIN LV0000100485),198,"495,00 €","2,00 €","606,36 €"
2018-12-20,JSC Grindeks (ISIN LV0000100659),200,"1.300,00 €","3,25 €","1.182,18 €"
2018-12-21,JSC Grindeks (ISIN LV0000100659),12,"78,00 €","0,19 €","71,46 €"
2018-12-24,JSC Latvijas Gaze (ISIN LV0000100899),7,"73,50 €","2,00 €","71,50 €"
2018-12-27,JSC Latvijas Gaze (ISIN LV0000100899),100,"1.050,00 €","0,81 €","1.030,00 €"
2018-12-27,JSC Grindeks (ISIN LV0000100659),340,"2.244,00 €","5,61 €","2.205,31 €"
