2017 01 02,Tallink Grupp (ISIN EE3100004466),1205,"1.094,14 €","1,08 €","1.060,63 €"
2017 01 02,Tallink Grupp (ISIN EE3100004466),150,"136,20 €","2,00 €","132,03 €"
2017 01 05,Olympic Entertainment Group (ISIN EE3100084021),300,"540,00 €","2,00 €","544,36 €"
2017 01 05,Olympic Entertainment Group (ISIN EE3100084021),1424,"2.563,20 €","5,76 €","2.583,89 €"
2017 01 05,Olympic Entertainment Group (ISIN EE3100084021),25,"45,00 €","0,11 €","45,36 €"
2017 01 05,Olympic Entertainment Group (ISIN EE3100084021),29,"52,20 €","0,13 €","52,62 €"
2017 01 05,Olympic Entertainment Group (ISIN EE3100084021),500,"900,00 €","2,25 €","907,26 €"
2017 01 05,Olympic Entertainment Group (ISIN EE3100084021),300,"540,00 €","1,35 €","544,36 €"
2017 01 05,Olympic Entertainment Group (ISIN EE3100084021),9,"16,20 €","0,04 €","16,33 €"
2017 01 10,"AB ,,Panevėžio statybos trestas"" PVA (ISIN LT0000101446)",20,"18,68 €","2,00 €","18,93 €"
2017 01 10,"AB ,,Grigeo Grigiškės"" PVA (ISIN LT0000102030)",1000,"1.120,00 €","2,80 €","1.213,03 €"
2017 01 10,"AB ,,Grigeo Grigiškės"" PVA (ISIN LT0000102030)",100,"112,00 €","0,28 €","118,01 €"
2017 01 10,"AB ,,Klaipėdos nafta"" PVA (ISIN LT0000111650)",1000,"554,00 €","1,39 €","635,59 €"
2017 01 10,"AB ,,Klaipėdos nafta"" PVA (ISIN LT0000111650)",1000,"554,00 €","0,17 €","635,59 €"
2017 01 10,"AB ,,Klaipėdos nafta"" PVA (ISIN LT0000111650)",432,"239,33 €","0,60 €","274,58 €"
2017 01 10,"AB ,,Klaipėdos nafta"" PVA (ISIN LT0000111650)",568,"314,67 €","2,00 €","361,01 €"
2017 01 11,"AB ,,Grigeo Grigiškės"" PVA (ISIN LT0000102030)",425,"480,25 €","2,00 €","493,23 €"
2017 01 11,"AB ,,Grigeo Grigiškės"" PVA (ISIN LT0000102030)",62,"70,06 €","0,00 €","71,95 €"
2017 01 11,"AB ,,Klaipėdos nafta"" PVA (ISIN LT0000111650)",485,"269,66 €","0,67 €","308,26 €"
2017 01 11,"AB ,,Klaipėdos nafta"" PVA (ISIN LT0000111650)",15,"8,34 €","2,00 €","9,53 €"
2017 01 11,"AB ,,Klaipėdos nafta"" PVA (ISIN LT0000111650)",1500,"834,00 €","0,11 €","953,38 €"
2017 01 11,"AB ,,Grigeo Grigiškės"" PVA (ISIN LT0000102030)",100,"113,00 €","0,00 €","116,06 €"
2017 01 12,Olympic Entertainment Group (ISIN EE3100084021),6,"10,74 €","2,00 €","10,89 €"
2017 01 12,Olympic Entertainment Group (ISIN EE3100084021),140,"250,60 €","0,00 €","254,03 €"
2017 01 12,"AB ,,Klaipėdos nafta"" PVA (ISIN LT0000111650)",3050,"1.671,40 €","4,18 €","1.873,61 €"
2017 01 12,Olympic Entertainment Group (ISIN EE3100084021),129,"230,91 €","0,58 €","232,78 €"
2017 01 12,Olympic Entertainment Group (ISIN EE3100084021),725,"1.297,75 €","1,90 €","1.310,94 €"
2017 01 13,"AB ,,Panevėžio statybos trestas"" PVA (ISIN LT0000101446)",1500,"1.380,00 €","3,45 €","1.434,15 €"
2017 01 13,"AB ,,Klaipėdos nafta"" PVA (ISIN LT0000111650)",3,"1,64 €","0,00 €","1,82 €"
2017 01 13,"AB ,,Klaipėdos nafta"" PVA (ISIN LT0000111650)",200,"109,60 €","0,28 €","121,50 €"
2017 01 13,"AB ,,Klaipėdos nafta"" PVA (ISIN LT0000111650)",1000,"549,00 €","1,37 €","596,33 €"
2017 01 13,"AB ,,Klaipėdos nafta"" PVA (ISIN LT0000111650)",247,"135,36 €","0,34 €","146,76 €"
2017 01 13,"AB ,,Klaipėdos nafta"" PVA (ISIN LT0000111650)",1000,"549,00 €","0,75 €","595,19 €"
2017 01 13,"AB ,,Klaipėdos nafta"" PVA (ISIN LT0000111650)",1000,"549,00 €","2,00 €","600,87 €"
2017 01 16,JSC Olainfarm (ISIN LV0000100501),5,"42,95 €","2,00 €","41,65 €"
2017 01 16,"AB ,,Grigeo Grigiškės"" PVA (ISIN LT0000102030)",300,"333,00 €","2,00 €","348,52 €"
2017 01 16,"AB ,,Panevėžio statybos trestas"" PVA (ISIN LT0000101446)",20,"18,48 €","2,00 €","19,05 €"
2017 01 17,"AB ,,Panevėžio statybos trestas"" PVA (ISIN LT0000101446)",9,"8,32 €","0,00 €","8,57 €"
2017 01 17,"AB ,,Grigeo Grigiškės"" PVA (ISIN LT0000102030)",100,"111,00 €","0,00 €","116,29 €"
2017 01 17,"AB ,,Grigeo Grigiškės"" PVA (ISIN LT0000102030)",100,"111,00 €","0,28 €","115,60 €"
2017 01 17,"AB ,,Grigeo Grigiškės"" PVA (ISIN LT0000102030)",300,"333,00 €","0,50 €","348,26 €"
2017 01 17,"AB ,,Grigeo Grigiškės"" PVA (ISIN LT0000102030)",200,"222,00 €","0,00 €","232,58 €"
2017 01 18,JSC Olainfarm (ISIN LV0000100501),50,"429,50 €","0,00 €","416,54 €"
2017 01 18,JSC Olainfarm (ISIN LV0000100501),5,"42,95 €","0,00 €","41,65 €"
2017 01 18,"AB ,,Klaipėdos nafta"" PVA (ISIN LT0000111650)",500,"276,50 €","0,00 €","295,74 €"
2017 01 18,"AB ,,Grigeo Grigiškės"" PVA (ISIN LT0000102030)",300,"333,00 €","0,83 €","346,08 €"
2017 01 18,"AB ,,Klaipėdos nafta"" PVA (ISIN LT0000111650)",430,"237,79 €","2,00 €","254,33 €"
2017 01 18,JSC Olainfarm (ISIN LV0000100501),20,"171,80 €","0,00 €","166,62 €"
2017 01 19,JSC Olainfarm (ISIN LV0000100501),165,"1.427,25 €","3,29 €","1.379,09 €"
2017 01 19,JSC Olainfarm (ISIN LV0000100501),50,"432,50 €","1,08 €","421,05 €"
2017 01 19,JSC Olainfarm (ISIN LV0000100501),5,"43,25 €","0,11 €","42,11 €"
2017 01 19,"AB ,,Panevėžio statybos trestas"" PVA (ISIN LT0000101446)",5,"4,61 €","2,00 €","4,76 €"
2017 01 19,"AB ,,Klaipėdos nafta"" PVA (ISIN LT0000111650)",25,"13,75 €","0,00 €","14,79 €"
2017 01 19,"AB ,,Grigeo Grigiškės"" PVA (ISIN LT0000102030)",18,"19,98 €","0,05 €","20,72 €"
2017 01 19,"AB ,,Grigeo Grigiškės"" PVA (ISIN LT0000102030)",252,"279,72 €","0,70 €","290,13 €"
2017 01 19,"AB ,,Klaipėdos nafta"" PVA (ISIN LT0000111650)",200,"110,00 €","2,00 €","118,29 €"
2017 01 19,"AB ,,Grigeo Grigiškės"" PVA (ISIN LT0000102030)",30,"33,30 €","0,08 €","34,54 €"
2017 01 20,Silvano Fashion Group (ISIN EE3100001751),95,"283,10 €","0,70 €","260,30 €"
2017 01 20,Silvano Fashion Group (ISIN EE3100001751),370,"1.102,60 €","2,76 €","1.013,80 €"
2017 01 23,"AB ,,Grigeo Grigiškės"" PVA (ISIN LT0000102030)",213,"236,43 €","0,59 €","245,23 €"
2017 01 23,"AB ,,Klaipėdos nafta"" PVA (ISIN LT0000111650)",200,"110,00 €","0,00 €","118,29 €"
2017 01 23,"AB ,,Klaipėdos nafta"" PVA (ISIN LT0000111650)",200,"110,00 €","0,28 €","118,90 €"
2017 01 23,"AB ,,Klaipėdos nafta"" PVA (ISIN LT0000111650)",200,"110,00 €","0,00 €","118,90 €"
2017 01 23,"AB ,,Klaipėdos nafta"" PVA (ISIN LT0000111650)",900,"495,00 €","0,38 €","535,03 €"
2017 01 23,"AB ,,Klaipėdos nafta"" PVA (ISIN LT0000111650)",207,"113,85 €","0,00 €","122,73 €"
2017 01 24,"AB ,,Klaipėdos nafta"" PVA (ISIN LT0000111650)",1000,"551,00 €","2,00 €","570,43 €"
2017 01 24,"AB ,,Klaipėdos nafta"" PVA (ISIN LT0000111650)",932,"512,60 €","0,66 €","522,87 €"
2017 01 24,"AB ,,Klaipėdos nafta"" PVA (ISIN LT0000111650)",568,"312,40 €","0,78 €","317,73 €"
2017 01 24,"AB ,,Klaipėdos nafta"" PVA (ISIN LT0000111650)",1000,"553,00 €","1,38 €","556,76 €"
2017 01 24,"AB ,,Klaipėdos nafta"" PVA (ISIN LT0000111650)",1070,"591,71 €","1,48 €","590,80 €"
2017 01 24,"AB ,,Panevėžio statybos trestas"" PVA (ISIN LT0000101446)",53,"48,81 €","0,00 €","50,35 €"
2017 01 24,"AB ,,Klaipėdos nafta"" PVA (ISIN LT0000111650)",868,"477,40 €","1,19 €","497,66 €"
2017 01 24,"AB ,,Klaipėdos nafta"" PVA (ISIN LT0000111650)",200,"110,00 €","0,28 €","114,08 €"
2017 01 24,"AB ,,Klaipėdos nafta"" PVA (ISIN LT0000111650)",500,"276,50 €","0,00 €","285,21 €"
2017 01 24,"AB ,,Klaipėdos nafta"" PVA (ISIN LT0000111650)",500,"276,50 €","0,67 €","285,21 €"
2017 01 25,"AB ,,Panevėžio statybos trestas"" PVA (ISIN LT0000101446)",20,"18,42 €","0,00 €","18,78 €"
2017 01 26,"AB ,,Klaipėdos nafta"" PVA (ISIN LT0000111650)",1317,"733,57 €","0,11 €","727,47 €"
2017 01 26,"AB ,,Panevėžio statybos trestas"" PVA (ISIN LT0000101446)",190,"174,99 €","0,00 €","178,41 €"
2017 01 26,"AB ,,Panevėžio statybos trestas"" PVA (ISIN LT0000101446)",10,"9,21 €","0,00 €","9,39 €"
2017 01 26,"AB ,,Klaipėdos nafta"" PVA (ISIN LT0000111650)",200,"111,80 €","2,00 €","110,47 €"
2017 02 01,JSC Olainfarm (ISIN LV0000100501),70,"640,50 €","1,60 €","610,30 €"
2017 02 01,JSC Olainfarm (ISIN LV0000100501),160,"1.465,60 €","3,66 €","1.396,23 €"
2017 02 01,"AB ,,Panevėžio statybos trestas"" PVA (ISIN LT0000101446)",10,"9,19 €","2,00 €","9,39 €"
2017 02 01,JSC Olainfarm (ISIN LV0000100501),22,"201,30 €","0,51 €","191,81 €"
2017 02 01,JSC Olainfarm (ISIN LV0000100501),50,"457,50 €","1,15 €","435,93 €"
2017 02 01,JSC Olainfarm (ISIN LV0000100501),50,"457,50 €","1,14 €","435,93 €"
2017 02 02,"AB ,,Panevėžio statybos trestas"" PVA (ISIN LT0000101446)",1830,"1.681,77 €","2,62 €","1.727,88 €"
2017 02 02,"AB ,,Panevėžio statybos trestas"" PVA (ISIN LT0000101446)",170,"156,23 €","0,00 €","159,80 €"
2017 02 02,"AB ,,Panevėžio statybos trestas"" PVA (ISIN LT0000101446)",15,"13,79 €","0,03 €","14,35 €"
2017 02 03,AS LHV Group (ISIN EE3100073644),29,"268,54 €","0,68 €","276,13 €"
2017 02 03,AS LHV Group (ISIN EE3100073644),71,"657,46 €","1,64 €","671,20 €"
2017 02 03,AS LHV Group (ISIN EE3100073644),54,"500,04 €","2,00 €","538,64 €"
2017 02 03,AS LHV Group (ISIN EE3100073644),26,"240,76 €","0,60 €","250,49 €"
2017 02 03,"AB ,,Panevėžio statybos trestas"" PVA (ISIN LT0000101446)",9,"8,27 €","0,02 €","8,61 €"
2017 02 03,AS LHV Group (ISIN EE3100073644),74,"685,24 €","1,71 €","712,92 €"
2017 02 03,AS LHV Group (ISIN EE3100073644),10,"92,60 €","0,23 €","96,34 €"
2017 02 03,AS LHV Group (ISIN EE3100073644),68,"629,68 €","1,58 €","658,44 €"
2017 02 03,AS LHV Group (ISIN EE3100073644),48,"443,52 €","2,00 €","463,80 €"
2017 02 03,AS LHV Group (ISIN EE3100073644),52,"480,48 €","0,31 €","500,97 €"
2017 02 03,AS LHV Group (ISIN EE3100073644),13,"120,38 €","0,30 €","125,24 €"
2017 02 03,JSC Grindeks (ISIN LV0000100659),28,"131,32 €","2,00 €","131,65 €"
2017 02 03,AS LHV Group (ISIN EE3100073644),39,"361,14 €","0,15 €","389,02 €"
2017 02 06,AS LHV Group (ISIN EE3100073644),6,"55,56 €","0,14 €","56,72 €"
2017 02 06,JSC Grindeks (ISIN LV0000100659),5,"23,45 €","0,06 €","22,86 €"
2017 02 06,JSC Grindeks (ISIN LV0000100659),247,"1.158,43 €","2,89 €","1.127,09 €"
2017 02 06,JSC Grindeks (ISIN LV0000100659),190,"891,10 €","2,23 €","873,99 €"
2017 02 06,JSC Grindeks (ISIN LV0000100659),135,"633,15 €","1,59 €","627,24 €"
2017 02 06,JSC Grindeks (ISIN LV0000100659),45,"211,05 €","0,52 €","209,09 €"
2017 02 06,JSC Grindeks (ISIN LV0000100659),150,"703,50 €","1,76 €","703,00 €"
2017 02 06,JSC Grindeks (ISIN LV0000100659),195,"914,55 €","2,29 €","917,28 €"
2017 02 06,JSC Grindeks (ISIN LV0000100659),205,"961,45 €","0,73 €","963,86 €"
2017 02 06,JSC Olainfarm (ISIN LV0000100501),110,"995,50 €","2,49 €","959,26 €"
2017 02 06,"AB ,,Panevėžio statybos trestas"" PVA (ISIN LT0000101446)",150,"137,85 €","0,34 €","141,53 €"
2017 02 06,"AB ,,Panevėžio statybos trestas"" PVA (ISIN LT0000101446)",296,"272,02 €","0,68 €","280,13 €"
2017 02 06,"AB ,,Panevėžio statybos trestas"" PVA (ISIN LT0000101446)",20,"18,38 €","0,05 €","19,13 €"
2017 02 07,"AB ,,Panevėžio statybos trestas"" PVA (ISIN LT0000101446)",78,"71,84 €","0,00 €","73,59 €"
2017 02 09,"AB ,,Panevėžio statybos trestas"" PVA (ISIN LT0000101446)",300,"277,20 €","0,69 €","281,36 €"
2017 02 09,"AB ,,Panevėžio statybos trestas"" PVA (ISIN LT0000101446)",271,"250,40 €","0,63 €","253,52 €"
2017 02 09,"AB ,,Panevėžio statybos trestas"" PVA (ISIN LT0000101446)",200,"184,20 €","0,00 €","188,71 €"
2017 02 09,"AB ,,Panevėžio statybos trestas"" PVA (ISIN LT0000101446)",900,"831,60 €","0,15 €","846,18 €"
2017 02 09,"AB ,,Panevėžio statybos trestas"" PVA (ISIN LT0000101446)",200,"184,20 €","0,00 €","188,71 €"
2017 02 09,"AB ,,Panevėžio statybos trestas"" PVA (ISIN LT0000101446)",444,"408,92 €","0,76 €","417,11 €"
2017 02 20,JSC Olainfarm (ISIN LV0000100501),49,"444,92 €","0,25 €","428,48 €"
2017 02 20,JSC Olainfarm (ISIN LV0000100501),1,"9,08 €","0,00 €","8,79 €"
2017 02 20,JSC Olainfarm (ISIN LV0000100501),49,"444,92 €","2,00 €","428,08 €"
2017 02 21,"AB ,,Panevėžio statybos trestas"" PVA (ISIN LT0000101446)",1807,"1.660,63 €","4,15 €","1.682,51 €"
2017 02 23,"AB ,,Panevėžio statybos trestas"" PVA (ISIN LT0000101446)",39,"36,43 €","0,00 €","36,13 €"
2017 02 24,JSC Grindeks (ISIN LV0000100659),450,"2.097,00 €","5,24 €","2.008,72 €"
2017 02 24,JSC Grindeks (ISIN LV0000100659),50,"233,00 €","0,59 €","221,55 €"
2017 02 24,JSC Grindeks (ISIN LV0000100659),669,"3.137,61 €","7,84 €","2.958,47 €"
2017 02 24,JSC Grindeks (ISIN LV0000100659),150,"703,50 €","1,76 €","661,65 €"
2017 02 24,JSC Grindeks (ISIN LV0000100659),150,"703,50 €","1,76 €","661,65 €"
2017 02 24,JSC Grindeks (ISIN LV0000100659),20,"93,80 €","0,24 €","88,22 €"
2017 02 28,"AB ,,Panevėžio statybos trestas"" PVA (ISIN LT0000101446)",106,"99,00 €","0,00 €","98,18 €"
2017 03 01,"AB ,,Panevėžio statybos trestas"" PVA (ISIN LT0000101446)",150,"140,10 €","0,00 €","137,97 €"
2017 03 01,"AB ,,Panevėžio statybos trestas"" PVA (ISIN LT0000101446)",150,"140,10 €","0,00 €","136,99 €"
2017 03 01,"AB ,,Panevėžio statybos trestas"" PVA (ISIN LT0000101446)",585,"546,39 €","0,45 €","534,26 €"
2017 03 07,"AB ,,Linas Agro Group"" PVA (ISIN LT0000128092)",2373,"1.535,33 €","3,84 €","1.580,74 €"
2017 03 08,JSC Olainfarm (ISIN LV0000100501),95,"863,55 €","2,16 €","856,67 €"
2017 03 08,"AB ,,Linas Agro Group"" PVA (ISIN LT0000128092)",1400,"905,80 €","2,26 €","929,51 €"
2017 03 08,JSC Olainfarm (ISIN LV0000100501),305,"2.772,45 €","6,93 €","2.693,27 €"
2017 03 08,JSC Valmieras stikla skiedra (ISIN LV0000100485),95,"296,40 €","0,00 €","285,71 €"
2017 03 08,JSC Valmieras stikla skiedra (ISIN LV0000100485),100,"312,00 €","2,00 €","301,00 €"
2017 03 10,JSC Olainfarm (ISIN LV0000100501),165,"1.508,10 €","3,77 €","1.485,86 €"
2017 03 10,"AB ,,Linas Agro Group"" PVA (ISIN LT0000128092)",1000,"648,00 €","1,62 €","661,03 €"
2017 03 10,JSC Olainfarm (ISIN LV0000100501),95,"868,30 €","2,17 €","852,38 €"
2017 03 10,"AB ,,Linas Agro Group"" PVA (ISIN LT0000128092)",2000,"1.296,00 €","2,86 €","1.328,01 €"
2017 03 10,JSC Valmieras stikla skiedra (ISIN LV0000100485),100,"312,00 €","0,30 €","300,75 €"
2017 03 10,JSC Olainfarm (ISIN LV0000100501),95,"868,30 €","2,17 €","848,68 €"
2017 03 10,JSC Olainfarm (ISIN LV0000100501),25,"228,50 €","0,57 €","223,31 €"
2017 03 10,"AB ,,Linas Agro Group"" PVA (ISIN LT0000128092)",1000,"648,00 €","2,00 €","663,65 €"
2017 03 13,JSC Valmieras stikla skiedra (ISIN LV0000100485),95,"297,35 €","2,00 €","285,71 €"
2017 03 13,JSC Valmieras stikla skiedra (ISIN LV0000100485),95,"297,35 €","0,00 €","285,71 €"
2017 03 13,JSC Valmieras stikla skiedra (ISIN LV0000100485),10,"31,30 €","0,00 €","30,08 €"
2017 03 14,JSC Valmieras stikla skiedra (ISIN LV0000100485),95,"297,35 €","0,31 €","285,71 €"
2017 03 14,JSC Valmieras stikla skiedra (ISIN LV0000100485),5,"15,65 €","0,04 €","15,04 €"
2017 03 17,JSC Olainfarm (ISIN LV0000100501),38,"350,74 €","2,00 €","339,43 €"
2017 03 17,JSC Olainfarm (ISIN LV0000100501),85,"784,55 €","2,00 €","762,15 €"
2017 03 17,JSC Olainfarm (ISIN LV0000100501),112,"1.033,76 €","1,46 €","1.000,41 €"
2017 03 20,JSC Olainfarm (ISIN LV0000100501),10,"92,30 €","0,19 €","89,60 €"
2017 03 20,JSC Olainfarm (ISIN LV0000100501),54,"498,42 €","1,25 €","482,45 €"
2017 03 21,JSC Olainfarm (ISIN LV0000100501),35,"323,05 €","0,81 €","312,28 €"
2017 03 22,JSC Valmieras stikla skiedra (ISIN LV0000100485),95,"299,25 €","0,74 €","290,83 €"
2017 03 22,JSC Valmieras stikla skiedra (ISIN LV0000100485),1,"3,15 €","0,01 €","3,06 €"
2017 03 22,JSC Valmieras stikla skiedra (ISIN LV0000100485),604,"1.902,60 €","4,76 €","1.828,96 €"
2017 03 23,JSC Olainfarm (ISIN LV0000100501),39,"359,97 €","0,90 €","347,97 €"
2017 03 23,JSC Olainfarm (ISIN LV0000100501),56,"516,88 €","1,29 €","499,65 €"
2017 03 23,JSC Olainfarm (ISIN LV0000100501),21,"193,83 €","0,48 €","187,37 €"
2017 03 31,JSC Rigas kugu buvetava (ISIN LV0000100378),1000,"334,00 €","0,00 €","409,50 €"
2017 03 31,JSC Rigas kugu buvetava (ISIN LV0000100378),1400,"467,60 €","2,00 €","574,60 €"
2017 04 10,JSC Grindeks (ISIN LV0000100659),100,"532,00 €","2,00 €","441,80 €"
2017 04 10,JSC Grindeks (ISIN LV0000100659),250,"1.320,00 €","3,30 €","1.105,60 €"
2017 04 10,JSC Grindeks (ISIN LV0000100659),50,"264,00 €","0,66 €","220,90 €"
2017 04 10,JSC Grindeks (ISIN LV0000100659),50,"266,00 €","0,00 €","221,65 €"
2017 04 10,JSC Grindeks (ISIN LV0000100659),50,"266,00 €","0,66 €","220,69 €"
2017 04 11,JSC Grindeks (ISIN LV0000100659),75,"399,00 €","1,00 €","327,54 €"
2017 04 11,JSC Grindeks (ISIN LV0000100659),150,"798,00 €","1,99 €","657,41 €"
2017 04 11,JSC Grindeks (ISIN LV0000100659),150,"798,00 €","2,00 €","659,81 €"
2017 04 11,JSC Grindeks (ISIN LV0000100659),97,"516,04 €","1,29 €","426,45 €"
2017 04 12,JSC Grindeks (ISIN LV0000100659),50,"265,00 €","0,67 €","229,07 €"
2017 04 12,JSC Grindeks (ISIN LV0000100659),142,"752,60 €","1,88 €","650,56 €"
2017 04 12,JSC Grindeks (ISIN LV0000100659),200,"1.060,00 €","2,08 €","895,17 €"
2017 04 12,JSC Grindeks (ISIN LV0000100659),50,"265,00 €","0,00 €","218,36 €"
2017 04 12,JSC Grindeks (ISIN LV0000100659),58,"307,40 €","2,00 €","253,30 €"
2017 04 12,JSC Grindeks (ISIN LV0000100659),48,"255,36 €","0,64 €","209,62 €"
2017 04 12,JSC Grindeks (ISIN LV0000100659),150,"798,00 €","1,99 €","655,08 €"
2017 04 12,JSC SAF Tehnika (ISIN LV0000101129),150,"607,50 €","2,00 €","551,29 €"
2017 04 12,Silvano Fashion Group (ISIN EE3100001751),87,"249,69 €","2,00 €","252,06 €"
2017 04 12,JSC SAF Tehnika (ISIN LV0000101129),150,"607,50 €","1,04 €","551,88 €"
2017 04 13,Silvano Fashion Group (ISIN EE3100001751),573,"1.644,51 €","2,74 €","1.666,05 €"
2017 04 13,Silvano Fashion Group (ISIN EE3100001751),150,"430,50 €","1,07 €","435,85 €"
2017 04 13,JSC SAF Tehnika (ISIN LV0000101129),150,"609,00 €","1,52 €","573,33 €"
2017 04 13,JSC SAF Tehnika (ISIN LV0000101129),89,"361,34 €","0,90 €","339,05 €"
2017 04 13,JSC SAF Tehnika (ISIN LV0000101129),850,"3.451,00 €","8,63 €","3.139,16 €"
2017 04 18,JSC SAF Tehnika (ISIN LV0000101129),480,"1.948,80 €","4,87 €","1.820,74 €"
2017 04 18,JSC SAF Tehnika (ISIN LV0000101129),1,"4,06 €","0,01 €","3,76 €"
2017 04 18,JSC SAF Tehnika (ISIN LV0000101129),596,"2.413,80 €","6,03 €","2.249,23 €"
2017 04 18,JSC SAF Tehnika (ISIN LV0000101129),1000,"4.050,00 €","10,13 €","3.852,38 €"
2017 04 18,JSC Grindeks (ISIN LV0000100659),150,"781,50 €","2,00 €","690,23 €"
2017 04 18,JSC Olainfarm (ISIN LV0000100501),263,"2.564,25 €","6,41 €","2.346,55 €"
2017 04 18,JSC Olainfarm (ISIN LV0000100501),100,"975,00 €","2,44 €","892,23 €"
2017 04 18,"AB ,,Linas Agro Group"" PVA (ISIN LT0000128092)",1542,"1.005,38 €","0,76 €","993,14 €"
2017 04 18,"AB ,,Linas Agro Group"" PVA (ISIN LT0000128092)",150,"97,80 €","2,00 €","99,02 €"
2017 04 19,Silvano Fashion Group (ISIN EE3100001751),450,"1.291,50 €","2,31 €","1.046,07 €"
2017 04 19,JSC Grindeks (ISIN LV0000100659),20,"104,20 €","0,21 €","92,82 €"
2017 04 19,JSC Grindeks (ISIN LV0000100659),170,"885,70 €","2,22 €","787,33 €"
2017 04 19,JSC Grindeks (ISIN LV0000100659),130,"677,30 €","1,69 €","601,84 €"
2017 04 19,JSC Grindeks (ISIN LV0000100659),130,"677,30 €","1,70 €","601,84 €"
2017 04 19,Silvano Fashion Group (ISIN EE3100001751),150,"430,50 €","2,00 €","435,85 €"
2017 04 24,JSC Valmieras stikla skiedra (ISIN LV0000100485),281,"902,01 €","2,26 €","877,74 €"
2017 04 24,JSC Valmieras stikla skiedra (ISIN LV0000100485),150,"481,50 €","1,20 €","471,64 €"
2017 04 24,"AB ,,Žemaitijos pienas"" PVA (ISIN LT0000121865)",1300,"1.885,00 €","3,80 €","1.522,53 €"
2017 04 24,JSC Grindeks (ISIN LV0000100659),130,"691,60 €","1,73 €","600,42 €"
2017 04 24,JSC Grindeks (ISIN LV0000100659),100,"539,00 €","2,00 €","461,15 €"
2017 04 24,JSC Valmieras stikla skiedra (ISIN LV0000100485),350,"1.123,50 €","2,81 €","1.097,69 €"
2017 04 24,"AB ,,Žemaitijos pienas"" PVA (ISIN LT0000121865)",150,"217,50 €","0,00 €","163,94 €"
2017 04 24,"AB ,,Žemaitijos pienas"" PVA (ISIN LT0000121865)",150,"217,50 €","2,00 €","163,94 €"
2017 04 24,JSC SAF Tehnika (ISIN LV0000101129),175,"703,50 €","2,00 €","675,23 €"
2017 04 24,JSC Valmieras stikla skiedra (ISIN LV0000100485),45,"144,45 €","0,36 €","141,20 €"
2017 04 24,JSC Grindeks (ISIN LV0000100659),800,"4.312,00 €","10,13 €","3.686,19 €"
2017 04 25,Silvano Fashion Group (ISIN EE3100001751),100,"285,00 €","0,71 €","274,00 €"
2017 04 25,Silvano Fashion Group (ISIN EE3100001751),150,"427,50 €","2,00 €","411,00 €"
2017 04 25,Silvano Fashion Group (ISIN EE3100001751),150,"427,50 €","0,14 €","411,00 €"
2017 04 25,"AB ,,Žemaitijos pienas"" PVA (ISIN LT0000121865)",250,"362,50 €","0,91 €","300,40 €"
2017 04 25,"AB ,,Žemaitijos pienas"" PVA (ISIN LT0000121865)",150,"217,50 €","0,54 €","180,24 €"
2017 04 26,JSC SAF Tehnika (ISIN LV0000101129),748,"3.006,96 €","7,28 €","2.873,39 €"
2017 04 26,JSC Valmieras stikla skiedra (ISIN LV0000100485),50,"168,50 €","0,42 €","155,39 €"
2017 04 26,JSC Valmieras stikla skiedra (ISIN LV0000100485),500,"1.685,00 €","4,21 €","1.553,87 €"
2017 04 26,JSC Valmieras stikla skiedra (ISIN LV0000100485),250,"837,50 €","2,09 €","779,07 €"
2017 04 26,JSC Valmieras stikla skiedra (ISIN LV0000100485),327,"1.111,80 €","2,78 €","1.020,22 €"
2017 04 26,JSC Valmieras stikla skiedra (ISIN LV0000100485),150,"502,50 €","1,26 €","470,31 €"
2017 04 26,JSC Valmieras stikla skiedra (ISIN LV0000100485),750,"2.512,50 €","6,28 €","2.353,83 €"
2017 04 27,JSC SAF Tehnika (ISIN LV0000101129),800,"3.216,00 €","7,55 €","3.143,48 €"
2017 04 27,JSC SAF Tehnika (ISIN LV0000101129),50,"201,00 €","0,00 €","196,67 €"
2017 04 27,"AB ,,Žemaitijos pienas"" PVA (ISIN LT0000121865)",500,"765,00 €","2,00 €","617,49 €"
2017 04 27,"AB ,,Žemaitijos pienas"" PVA (ISIN LT0000121865)",618,"945,54 €","2,28 €","768,23 €"
2017 04 27,JSC SAF Tehnika (ISIN LV0000101129),50,"201,00 €","0,50 €","196,49 €"
2017 04 27,JSC SAF Tehnika (ISIN LV0000101129),100,"402,00 €","2,00 €","388,15 €"
2017 04 28,JSC Grindeks (ISIN LV0000100659),10,"59,50 €","2,00 €","57,44 €"
2017 04 28,JSC Grindeks (ISIN LV0000100659),40,"238,00 €","0,00 €","229,77 €"
2017 05 02,JSC Grindeks (ISIN LV0000100659),100,"595,00 €","1,49 €","568,42 €"
2017 05 02,JSC Grindeks (ISIN LV0000100659),50,"297,50 €","0,74 €","284,21 €"
2017 05 02,JSC Valmieras stikla skiedra (ISIN LV0000100485),110,"368,50 €","2,00 €","341,85 €"
2017 05 02,JSC Grindeks (ISIN LV0000100659),100,"595,00 €","0,23 €","574,43 €"
2017 05 08,JSC Valmieras stikla skiedra (ISIN LV0000100485),110,"368,50 €","0,92 €","337,44 €"
2017 05 08,JSC Valmieras stikla skiedra (ISIN LV0000100485),623,"2.055,90 €","5,14 €","1.941,94 €"
2017 05 08,JSC Valmieras stikla skiedra (ISIN LV0000100485),150,"495,00 €","0,06 €","466,17 €"
2017 05 08,JSC Valmieras stikla skiedra (ISIN LV0000100485),100,"330,00 €","2,00 €","310,78 €"
2017 05 08,JSC Valmieras stikla skiedra (ISIN LV0000100485),880,"2.948,00 €","6,29 €","2.715,41 €"
2017 05 10,"AB ,,Pieno žvaigždės"" PVA (ISIN LT0000111676)",1200,"1.740,00 €","3,44 €","1.348,86 €"
2017 05 10,"AB ,,Pieno žvaigždės"" PVA (ISIN LT0000111676)",300,"435,00 €","2,00 €","429,40 €"
2017 05 18,",,Energijos skirstymo operatorius"", AB PVA (ISIN LT0000130023)",1000,"867,00 €","1,07 €","856,16 €"
2017 05 18,",,Energijos skirstymo operatorius"", AB PVA (ISIN LT0000130023)",417,"361,54 €","2,00 €","361,61 €"
2017 05 18,",,Energijos skirstymo operatorius"", AB PVA (ISIN LT0000130023)",1000,"867,00 €","2,17 €","849,30 €"
2017 05 19,",,Energijos skirstymo operatorius"", AB PVA (ISIN LT0000130023)",10,"8,67 €","0,02 €","8,58 €"
2017 05 19,",,Energijos skirstymo operatorius"", AB PVA (ISIN LT0000130023)",990,"858,33 €","2,14 €","843,66 €"
2017 05 19,",,Energijos skirstymo operatorius"", AB PVA (ISIN LT0000130023)",482,"417,89 €","1,05 €","410,72 €"
2017 05 19,",,Energijos skirstymo operatorius"", AB PVA (ISIN LT0000130023)",500,"433,50 €","1,08 €","426,06 €"
2017 05 19,",,Energijos skirstymo operatorius"", AB PVA (ISIN LT0000130023)",18,"15,61 €","0,04 €","15,34 €"
2017 05 19,",,Lietuvos energijos gamyba"", AB PVA (ISIN LT0000128571)",70,"43,75 €","0,11 €","46,11 €"
2017 05 19,",,Lietuvos energijos gamyba"", AB PVA (ISIN LT0000128571)",400,"250,00 €","2,00 €","263,46 €"
2017 05 19,",,Lietuvos energijos gamyba"", AB PVA (ISIN LT0000128571)",1000,"625,00 €","0,19 €","658,65 €"
2017 05 22,"AB ,,Grigeo Grigiškės"" PVA (ISIN LT0000102030)",30,"32,40 €","0,00 €","33,00 €"
2017 05 22,"AB ,,Grigeo Grigiškės"" PVA (ISIN LT0000102030)",120,"129,60 €","0,00 €","132,00 €"
2017 05 22,"AB ,,Grigeo Grigiškės"" PVA (ISIN LT0000102030)",150,"162,00 €","0,41 €","165,41 €"
2017 05 22,"AB ,,Grigeo Grigiškės"" PVA (ISIN LT0000102030)",100,"108,00 €","0,27 €","110,28 €"
2017 05 22,"AB ,,Grigeo Grigiškės"" PVA (ISIN LT0000102030)",50,"54,00 €","0,13 €","55,14 €"
2017 05 22,"AB ,,Grigeo Grigiškės"" PVA (ISIN LT0000102030)",50,"54,00 €","0,14 €","55,14 €"
2017 05 22,"AB ,,Grigeo Grigiškės"" PVA (ISIN LT0000102030)",150,"162,00 €","0,40 €","165,41 €"
2017 05 22,"AB ,,Grigeo Grigiškės"" PVA (ISIN LT0000102030)",2850,"3.078,00 €","7,70 €","3.142,70 €"
2017 05 22,"AB ,,Grigeo Grigiškės"" PVA (ISIN LT0000102030)",70,"75,60 €","0,18 €","76,60 €"
2017 05 22,"AB ,,Grigeo Grigiškės"" PVA (ISIN LT0000102030)",100,"108,00 €","0,27 €","108,00 €"
2017 05 22,"AB ,,Grigeo Grigiškės"" PVA (ISIN LT0000102030)",80,"86,40 €","0,22 €","86,40 €"
2017 05 22,JSC Latvijas Gaze (ISIN LV0000100899),50,"460,00 €","1,15 €","444,18 €"
2017 05 22,"AB ,,Grigeo Grigiškės"" PVA (ISIN LT0000102030)",200,"216,00 €","2,00 €","222,00 €"
2017 05 22,JSC Latvijas Gaze (ISIN LV0000100899),350,"3.220,00 €","8,05 €","3.108,98 €"
2017 05 22,",,Energijos skirstymo operatorius"", AB PVA (ISIN LT0000130023)",80,"69,36 €","0,18 €","69,21 €"
2017 05 22,",,Energijos skirstymo operatorius"", AB PVA (ISIN LT0000130023)",200,"173,00 €","0,43 €","173,03 €"
2017 05 22,",,Energijos skirstymo operatorius"", AB PVA (ISIN LT0000130023)",500,"432,50 €","1,09 €","432,58 €"
2017 05 22,",,Energijos skirstymo operatorius"", AB PVA (ISIN LT0000130023)",1300,"1.124,50 €","2,81 €","1.119,80 €"
2017 05 22,",,Energijos skirstymo operatorius"", AB PVA (ISIN LT0000130023)",1000,"865,00 €","2,16 €","853,17 €"
2017 05 22,"AB ,,Grigeo Grigiškės"" PVA (ISIN LT0000102030)",1850,"1.998,00 €","3,94 €","2.039,06 €"
2017 05 23,",,Lietuvos energijos gamyba"", AB PVA (ISIN LT0000128571)",180,"112,50 €","0,28 €","120,33 €"
2017 05 23,"AB ""Amber Grid"" PVA (ISIN LT0000128696)",53,"67,84 €","2,00 €","67,10 €"
2017 05 23,"AB ""Amber Grid"" PVA (ISIN LT0000128696)",165,"211,20 €","0,00 €","208,90 €"
2017 05 23,JSC Olainfarm (ISIN LV0000100501),50,"505,00 €","2,00 €","501,25 €"
2017 05 24,"AB ""Amber Grid"" PVA (ISIN LT0000128696)",300,"384,00 €","0,00 €","378,68 €"
2017 05 25,",,Lietuvos energijos gamyba"", AB PVA (ISIN LT0000128571)",437,"273,13 €","0,68 €","294,92 €"
2017 05 25,JSC Olainfarm (ISIN LV0000100501),350,"3.535,00 €","8,83 €","3.508,75 €"
2017 05 25,"AB ""Amber Grid"" PVA (ISIN LT0000128696)",500,"640,00 €","1,26 €","631,29 €"
2017 05 25,"AB ""Amber Grid"" PVA (ISIN LT0000128696)",244,"312,32 €","0,78 €","308,14 €"
2017 05 25,JSC Olainfarm (ISIN LV0000100501),50,"505,00 €","0,53 €","501,25 €"
2017 05 26,"AB ""Amber Grid"" PVA (ISIN LT0000128696)",370,"473,60 €","1,19 €","462,36 €"
2017 05 26,"AB ""Amber Grid"" PVA (ISIN LT0000128696)",500,"640,00 €","1,60 €","621,32 €"
2017 05 26,"AB ""Amber Grid"" PVA (ISIN LT0000128696)",130,"166,40 €","0,41 €","164,18 €"
2017 05 30,"AB ""Amber Grid"" PVA (ISIN LT0000128696)",238,"304,64 €","0,76 €","295,86 €"
2017 05 30,"AB ""Amber Grid"" PVA (ISIN LT0000128696)",500,"640,00 €","1,60 €","621,55 €"
2017 05 31,JSC Grindeks (ISIN LV0000100659),150,"898,50 €","2,25 €","884,89 €"
2017 05 31,JSC Grindeks (ISIN LV0000100659),850,"5.091,50 €","12,73 €","4.992,45 €"
2017 06 01,JSC Grindeks (ISIN LV0000100659),500,"3.375,00 €","8,44 €","2.855,32 €"
2017 06 01,JSC Grindeks (ISIN LV0000100659),50,"330,00 €","0,82 €","292,62 €"
2017 06 01,JSC Grindeks (ISIN LV0000100659),50,"337,50 €","0,84 €","283,71 €"
2017 06 01,JSC Grindeks (ISIN LV0000100659),250,"1.650,00 €","4,13 €","1.466,15 €"
2017 06 02,JSC Grindeks (ISIN LV0000100659),245,"1.617,00 €","4,04 €","1.390,17 €"
2017 06 02,JSC Grindeks (ISIN LV0000100659),300,"1.977,00 €","4,95 €","1.709,42 €"
2017 06 02,JSC Grindeks (ISIN LV0000100659),50,"329,50 €","0,82 €","290,23 €"
2017 06 02,JSC Grindeks (ISIN LV0000100659),26,"171,34 €","0,43 €","150,92 €"
2017 06 02,",,Lietuvos energijos gamyba"", AB PVA (ISIN LT0000128571)",500,"312,50 €","0,78 €","336,67 €"
2017 06 02,",,Lietuvos energijos gamyba"", AB PVA (ISIN LT0000128571)",345,"215,63 €","0,54 €","232,06 €"
2017 06 05,",,Lietuvos energijos gamyba"", AB PVA (ISIN LT0000128571)",68,"42,50 €","0,11 €","45,74 €"
2017 06 06,"AB ,,Žemaitijos pienas"" PVA (ISIN LT0000121865)",327,"503,58 €","1,26 €","508,12 €"
2017 06 06,"AB ,,Žemaitijos pienas"" PVA (ISIN LT0000121865)",102,"157,08 €","0,39 €","158,50 €"
2017 06 06,"AB ,,Žemaitijos pienas"" PVA (ISIN LT0000121865)",96,"147,84 €","0,37 €","149,17 €"
2017 06 06,"AB ,,Žemaitijos pienas"" PVA (ISIN LT0000121865)",404,"622,16 €","1,56 €","627,77 €"
2017 06 06,"AB ,,Žemaitijos pienas"" PVA (ISIN LT0000121865)",60,"92,40 €","2,00 €","93,23 €"
2017 06 06,"AB ,,Žemaitijos pienas"" PVA (ISIN LT0000121865)",511,"786,94 €","0,20 €","794,03 €"
2017 06 13,"AB ,,Klaipėdos nafta"" PVA (ISIN LT0000111650)",1000,"462,00 €","0,31 €","445,89 €"
2017 06 13,"AB ,,Klaipėdos nafta"" PVA (ISIN LT0000111650)",350,"161,70 €","0,00 €","156,06 €"
2017 06 13,"AB ,,Klaipėdos nafta"" PVA (ISIN LT0000111650)",2000,"920,00 €","2,30 €","892,89 €"
2017 06 13,JSC Latvijas Gaze (ISIN LV0000100899),400,"3.800,00 €","9,50 €","3.550,38 €"
2017 06 13,",,Lietuvos energijos gamyba"", AB PVA (ISIN LT0000128571)",50,"31,50 €","0,07 €","33,38 €"
2017 06 13,",,Lietuvos energijos gamyba"", AB PVA (ISIN LT0000128571)",1393,"877,59 €","0,21 €","930,23 €"
2017 06 13,",,Lietuvos energijos gamyba"", AB PVA (ISIN LT0000128571)",7,"4,41 €","2,00 €","4,70 €"
2017 06 13,"AB ,,Klaipėdos nafta"" PVA (ISIN LT0000111650)",650,"300,30 €","2,00 €","289,83 €"
2017 06 13,"AB ,,Žemaitijos pienas"" PVA (ISIN LT0000121865)",50,"77,00 €","0,20 €","77,69 €"
2017 06 13,"AB ,,Žemaitijos pienas"" PVA (ISIN LT0000121865)",2450,"3.773,00 €","9,43 €","3.807,00 €"
2017 06 14,"AB ,,Klaipėdos nafta"" PVA (ISIN LT0000111650)",545,"251,79 €","0,63 €","243,02 €"
2017 06 14,"AB ,,Klaipėdos nafta"" PVA (ISIN LT0000111650)",455,"210,21 €","0,53 €","202,88 €"
2017 06 14,JSC Latvijas Gaze (ISIN LV0000100899),45,"427,05 €","2,00 €","400,35 €"
2017 06 14,JSC Latvijas Gaze (ISIN LV0000100899),155,"1.470,95 €","3,67 €","1.378,05 €"
2017 06 14,JSC Latvijas Gaze (ISIN LV0000100899),45,"427,05 €","0,14 €","400,17 €"
2017 06 15,"AB ,,Žemaitijos pienas"" PVA (ISIN LT0000121865)",300,"477,00 €","1,19 €","466,16 €"
2017 06 15,"AB ,,Klaipėdos nafta"" PVA (ISIN LT0000111650)",2000,"936,00 €","2,34 €","942,49 €"
2017 06 15,"AB ,,Žemaitijos pienas"" PVA (ISIN LT0000121865)",650,"1.033,50 €","2,58 €","1.010,02 €"
2017 06 15,"AB ,,Žemaitijos pienas"" PVA (ISIN LT0000121865)",300,"477,00 €","2,00 €","466,16 €"
2017 06 15,"AB ,,Žemaitijos pienas"" PVA (ISIN LT0000121865)",300,"477,00 €","0,39 €","466,16 €"
2017 06 15,"AB ,,Klaipėdos nafta"" PVA (ISIN LT0000111650)",1000,"468,00 €","1,17 €","470,86 €"
2017 06 15,"AB ,,Klaipėdos nafta"" PVA (ISIN LT0000111650)",1000,"468,00 €","1,17 €","472,38 €"
2017 06 16,"AB ,,Žemaitijos pienas"" PVA (ISIN LT0000121865)",50,"79,50 €","2,00 €","74,89 €"
2017 06 19,"AB ,,Žemaitijos pienas"" PVA (ISIN LT0000121865)",50,"79,50 €","0,19 €","74,18 €"
2017 06 19,"AB ,,Žemaitijos pienas"" PVA (ISIN LT0000121865)",910,"1.446,90 €","1,82 €","1.350,17 €"
2017 06 20,"AB ,,Rokiškio sūris"" PVA (ISIN LT0000100372)",500,"1.150,00 €","2,88 €","1.102,75 €"
2017 06 20,"AB ,,Rokiškio sūris"" PVA (ISIN LT0000100372)",200,"460,00 €","1,15 €","441,10 €"
2017 06 20,"AB ,,Rokiškio sūris"" PVA (ISIN LT0000100372)",200,"460,00 €","1,15 €","346,27 €"
2017 06 20,"AB ,,Rokiškio sūris"" PVA (ISIN LT0000100372)",200,"460,00 €","1,15 €","441,15 €"
2017 06 20,"AB ,,Rokiškio sūris"" PVA (ISIN LT0000100372)",100,"230,00 €","0,57 €","220,74 €"
2017 06 21,"AB ,,Klaipėdos nafta"" PVA (ISIN LT0000111650)",1000,"458,00 €","1,15 €","472,18 €"
2017 06 21,"AB ,,Klaipėdos nafta"" PVA (ISIN LT0000111650)",231,"105,80 €","0,26 €","108,81 €"
2017 06 21,"AB ,,Klaipėdos nafta"" PVA (ISIN LT0000111650)",1000,"458,00 €","1,15 €","470,86 €"
2017 06 21,"AB ,,Klaipėdos nafta"" PVA (ISIN LT0000111650)",2100,"961,80 €","2,40 €","988,81 €"
2017 06 21,JSC Latvijas Gaze (ISIN LV0000100899),700,"6.685,00 €","16,71 €","6.296,71 €"
2017 06 27,JSC Grindeks (ISIN LV0000100659),250,"1.645,00 €","4,11 €","1.458,38 €"
2017 06 28,JSC Grindeks (ISIN LV0000100659),100,"689,00 €","2,00 €","629,57 €"
2017 06 28,JSC Grindeks (ISIN LV0000100659),62,"427,18 €","0,79 €","390,33 €"
2017 06 28,JSC Grindeks (ISIN LV0000100659),7,"47,95 €","2,00 €","44,07 €"
2017 06 28,JSC Grindeks (ISIN LV0000100659),850,"5.805,50 €","14,51 €","5.323,37 €"
2017 06 28,JSC Grindeks (ISIN LV0000100659),50,"341,50 €","0,85 €","314,78 €"
2017 06 28,JSC Grindeks (ISIN LV0000100659),100,"662,00 €","2,00 €","584,45 €"
2017 06 28,JSC Grindeks (ISIN LV0000100659),150,"1.024,50 €","2,57 €","944,36 €"
2017 06 28,JSC Grindeks (ISIN LV0000100659),300,"1.986,00 €","4,62 €","1.753,86 €"
2017 06 28,JSC Grindeks (ISIN LV0000100659),226,"1.548,10 €","1,99 €","1.426,56 €"
2017 06 29,JSC Grindeks (ISIN LV0000100659),400,"2.840,00 €","7,10 €","2.790,96 €"
2017 06 29,JSC Grindeks (ISIN LV0000100659),140,"994,00 €","2,49 €","968,42 €"
2017 06 30,JSC Valmieras stikla skiedra (ISIN LV0000100485),86,"288,10 €","2,00 €","287,43 €"
2017 07 03,JSC Valmieras stikla skiedra (ISIN LV0000100485),10,"33,50 €","0,00 €","33,47 €"
2017 07 05,JSC Valmieras stikla skiedra (ISIN LV0000100485),380,"1.284,40 €","3,21 €","1.264,50 €"
2017 07 05,JSC Valmieras stikla skiedra (ISIN LV0000100485),100,"335,00 €","0,00 €","333,82 €"
2017 07 05,JSC Valmieras stikla skiedra (ISIN LV0000100485),570,"1.926,60 €","4,82 €","1.897,13 €"
2017 07 05,JSC Valmieras stikla skiedra (ISIN LV0000100485),104,"348,40 €","0,51 €","345,28 €"
2017 07 11,"AB ,,Klaipėdos nafta"" PVA (ISIN LT0000111650)",1000,"463,00 €","2,00 €","472,18 €"
2017 07 13,JSC Olainfarm (ISIN LV0000100501),100,"1.100,00 €","2,75 €","1.072,68 €"
2017 07 18,"AB ,,Vilkyškių pieninė"" PVA (ISIN LT0000127508)",550,"1.771,00 €","4,43 €","1.692,72 €"
2017 07 18,"AB ,,Klaipėdos nafta"" PVA (ISIN LT0000111650)",272,"124,58 €","2,00 €","128,43 €"
2017 07 19,"AB ,,Klaipėdos nafta"" PVA (ISIN LT0000111650)",750,"343,50 €","0,86 €","348,28 €"
2017 07 19,"AB ,,Klaipėdos nafta"" PVA (ISIN LT0000111650)",250,"114,50 €","0,28 €","116,23 €"
2017 07 19,"AB ,,Klaipėdos nafta"" PVA (ISIN LT0000111650)",1000,"458,00 €","1,15 €","462,39 €"
2017 07 19,"AB ,,Klaipėdos nafta"" PVA (ISIN LT0000111650)",500,"229,00 €","0,57 €","231,00 €"
2017 07 19,"AB ,,Klaipėdos nafta"" PVA (ISIN LT0000111650)",1000,"458,00 €","1,14 €","468,39 €"
2017 07 19,"AB ,,Klaipėdos nafta"" PVA (ISIN LT0000111650)",1000,"458,00 €","0,91 €","472,18 €"
2017 07 19,"AB ,,Klaipėdos nafta"" PVA (ISIN LT0000111650)",266,"121,83 €","0,00 €","125,60 €"
2017 07 19,"AB ,,Klaipėdos nafta"" PVA (ISIN LT0000111650)",34,"15,57 €","0,00 €","16,05 €"
2017 07 19,"AB ,,Klaipėdos nafta"" PVA (ISIN LT0000111650)",966,"442,43 €","0,00 €","456,12 €"
2017 07 19,JSC SAF Tehnika (ISIN LV0000101129),100,"528,00 €","0,64 €","481,37 €"
2017 07 19,JSC SAF Tehnika (ISIN LV0000101129),100,"528,00 €","2,00 €","483,03 €"
2017 07 19,"AB ,,Klaipėdos nafta"" PVA (ISIN LT0000111650)",750,"343,50 €","0,86 €","346,66 €"
2017 07 19,JSC Valmieras stikla skiedra (ISIN LV0000100485),250,"860,00 €","0,95 €","814,00 €"
2017 07 19,JSC Valmieras stikla skiedra (ISIN LV0000100485),93,"319,92 €","2,00 €","306,44 €"
2017 07 20,"AB ,,Klaipėdos nafta"" PVA (ISIN LT0000111650)",200,"91,60 €","0,23 €","92,63 €"
2017 07 20,JSC SAF Tehnika (ISIN LV0000101129),42,"221,76 €","0,55 €","202,53 €"
2017 07 20,JSC SAF Tehnika (ISIN LV0000101129),58,"306,24 €","0,77 €","279,68 €"
2017 07 20,"AB ,,Klaipėdos nafta"" PVA (ISIN LT0000111650)",800,"366,40 €","0,92 €","369,88 €"
2017 07 20,"AB ,,Klaipėdos nafta"" PVA (ISIN LT0000111650)",981,"449,30 €","1,12 €","449,84 €"
2017 07 24,"AB ,,Klaipėdos nafta"" PVA (ISIN LT0000111650)",443,"202,89 €","0,51 €","200,29 €"
2017 07 24,"AB ,,Klaipėdos nafta"" PVA (ISIN LT0000111650)",500,"229,00 €","0,57 €","226,07 €"
2017 07 24,"AB ,,Klaipėdos nafta"" PVA (ISIN LT0000111650)",1000,"458,00 €","0,36 €","452,13 €"
2017 07 24,"AB ,,Klaipėdos nafta"" PVA (ISIN LT0000111650)",1000,"458,00 €","0,00 €","454,89 €"
2017 07 24,"AB ,,Klaipėdos nafta"" PVA (ISIN LT0000111650)",57,"26,11 €","2,00 €","25,94 €"
2017 07 24,JSC Grindeks (ISIN LV0000100659),100,"839,00 €","2,10 €","811,02 €"
2017 07 25,JSC Rigas kugu buvetava (ISIN LV0000100378),2000,"626,00 €","0,35 €","820,05 €"
2017 07 25,JSC Rigas kugu buvetava (ISIN LV0000100378),1000,"313,00 €","2,00 €","409,97 €"
2017 07 27,"AB ,,Vilkyškių pieninė"" PVA (ISIN LT0000127508)",100,"324,00 €","2,00 €","322,00 €"
2017 07 28,JSC Valmieras stikla skiedra (ISIN LV0000100485),300,"1.077,00 €","2,69 €","1.014,30 €"
2017 08 01,JSC Valmieras stikla skiedra (ISIN LV0000100485),50,"185,00 €","2,00 €","178,17 €"
2017 08 01,JSC Valmieras stikla skiedra (ISIN LV0000100485),215,"795,50 €","0,45 €","764,56 €"
2017 08 01,JSC Valmieras stikla skiedra (ISIN LV0000100485),135,"499,50 €","1,25 €","480,38 €"
2017 08 01,Olympic Entertainment Group (ISIN EE3100084021),2000,"3.740,00 €","9,35 €","3.628,05 €"
2017 08 01,"AB ,,Linas Agro Group"" PVA (ISIN LT0000128092)",450,"313,65 €","0,00 €","304,65 €"
2017 08 01,"AB ,,Linas Agro Group"" PVA (ISIN LT0000128092)",550,"384,45 €","2,00 €","372,35 €"
2017 08 02,"AB ,,Rokiškio sūris"" PVA (ISIN LT0000100372)",150,"337,50 €","0,81 €","322,68 €"
2017 08 02,"AB ,,Rokiškio sūris"" PVA (ISIN LT0000100372)",150,"337,50 €","0,85 €","323,14 €"
2017 08 02,"AB ,,Rokiškio sūris"" PVA (ISIN LT0000100372)",350,"787,50 €","2,00 €","801,25 €"
2017 08 03,"AB ,,INVALDA INVL"" PVA (ISIN LT0000102279)",80,"382,40 €","2,00 €","360,40 €"
2017 08 04,JSC Valmieras stikla skiedra (ISIN LV0000100485),200,"738,00 €","2,00 €","753,88 €"
2017 08 04,JSC Valmieras stikla skiedra (ISIN LV0000100485),1000,"3.690,00 €","9,07 €","3.771,52 €"
2017 08 08,"AB ,,Rokiškio sūris"" PVA (ISIN LT0000100372)",650,"1.417,00 €","2,36 €","1.421,36 €"
2017 08 08,JSC Grindeks (ISIN LV0000100659),298,"2.470,42 €","6,18 €","2.455,69 €"
2017 08 08,JSC Grindeks (ISIN LV0000100659),52,"431,08 €","1,07 €","441,04 €"
2017 08 08,JSC Grindeks (ISIN LV0000100659),190,"1.575,10 €","3,94 €","1.613,32 €"
2017 08 08,"AB ,,Rokiškio sūris"" PVA (ISIN LT0000100372)",50,"109,00 €","0,00 €","109,49 €"
2017 08 08,"AB ,,Rokiškio sūris"" PVA (ISIN LT0000100372)",100,"218,00 €","2,00 €","215,43 €"
2017 08 08,JSC Grindeks (ISIN LV0000100659),52,"431,08 €","1,08 €","441,54 €"
2017 08 08,"AB ,,Rokiškio sūris"" PVA (ISIN LT0000100372)",150,"327,00 €","0,82 €","324,88 €"
2017 08 14,"AB ,,Klaipėdos nafta"" PVA (ISIN LT0000111650)",2500,"1.302,50 €","3,26 €","1.268,16 €"
2017 08 14,"AB ,,Klaipėdos nafta"" PVA (ISIN LT0000111650)",833,"433,16 €","1,08 €","422,56 €"
2017 08 14,"AB ,,Žemaitijos pienas"" PVA (ISIN LT0000121865)",1000,"1.910,00 €","4,78 €","1.814,53 €"
2017 08 14,JSC Olainfarm (ISIN LV0000100501),90,"1.035,00 €","2,59 €","1.019,55 €"
2017 08 14,JSC Olainfarm (ISIN LV0000100501),70,"805,00 €","2,01 €","792,97 €"
2017 08 14,JSC Olainfarm (ISIN LV0000100501),20,"230,00 €","0,58 €","226,56 €"
2017 08 14,"AB ,,Rokiškio sūris"" PVA (ISIN LT0000100372)",90,"202,50 €","2,00 €","194,77 €"
2017 08 14,"AB ,,Rokiškio sūris"" PVA (ISIN LT0000100372)",60,"135,00 €","0,00 €","129,86 €"
2017 08 14,"AB ,,Rokiškio sūris"" PVA (ISIN LT0000100372)",165,"371,25 €","0,00 €","231,70 €"
2017 08 14,"AB ,,Rokiškio sūris"" PVA (ISIN LT0000100372)",60,"135,00 €","0,11 €","129,60 €"
2017 08 14,"AB ,,Rokiškio sūris"" PVA (ISIN LT0000100372)",225,"506,25 €","1,27 €","486,00 €"
2017 08 14,"AB ,,Panevėžio statybos trestas"" PVA (ISIN LT0000101446)",300,"375,00 €","2,00 €","274,97 €"
2017 08 14,"AB ,,Panevėžio statybos trestas"" PVA (ISIN LT0000101446)",300,"375,00 €","0,00 €","274,48 €"
2017 08 14,"AB ,,Panevėžio statybos trestas"" PVA (ISIN LT0000101446)",300,"375,00 €","0,81 €","273,62 €"
2017 08 14,"AB ,,Panevėžio statybos trestas"" PVA (ISIN LT0000101446)",600,"750,00 €","1,88 €","643,88 €"
2017 08 14,JSC Rigas kugu buvetava (ISIN LV0000100378),800,"272,80 €","2,00 €","328,02 €"
2017 08 15,JSC Valmieras stikla skiedra (ISIN LV0000100485),100,"374,00 €","2,00 €","373,00 €"
2017 08 15,JSC Valmieras stikla skiedra (ISIN LV0000100485),50,"187,00 €","0,00 €","185,50 €"
2017 08 15,Tallink Grupp (ISIN EE3100004466),1000,"1.110,00 €","2,78 €","1.112,78 €"
2017 08 16,AB Šiaulių bankas PVA (ISIN LT0000102253),710,"421,03 €","0,97 €","418,52 €"
2017 08 16,AB Šiaulių bankas PVA (ISIN LT0000102253),290,"171,97 €","0,00 €","170,95 €"
2017 08 16,AB Šiaulių bankas PVA (ISIN LT0000102253),1000,"593,00 €","2,00 €","589,47 €"
2017 08 16,"AB ,,Grigeo Grigiškės"" PVA (ISIN LT0000102030)",607,"789,10 €","1,97 €","797,16 €"
2017 08 16,"AB ,,Grigeo Grigiškės"" PVA (ISIN LT0000102030)",1600,"2.096,00 €","3,31 €","2.099,17 €"
2017 08 16,"AB ,,Grigeo Grigiškės"" PVA (ISIN LT0000102030)",20,"26,20 €","2,00 €","26,07 €"
2017 08 16,"AB ,,Grigeo Grigiškės"" PVA (ISIN LT0000102030)",2273,"3.000,36 €","7,50 €","2.862,49 €"
2017 08 16,AB Šiaulių bankas PVA (ISIN LT0000102253),1000,"593,00 €","1,48 €","589,47 €"
2017 08 16,AB Šiaulių bankas PVA (ISIN LT0000102253),292,"173,16 €","0,43 €","172,13 €"
2017 08 16,AB Šiaulių bankas PVA (ISIN LT0000102253),1000,"593,00 €","1,48 €","595,46 €"
2017 08 16,AB Šiaulių bankas PVA (ISIN LT0000102253),6708,"3.977,84 €","9,95 €","3.972,23 €"
2017 08 17,JSC Valmieras stikla skiedra (ISIN LV0000100485),50,"184,00 €","0,00 €","185,76 €"
2017 08 17,JSC Valmieras stikla skiedra (ISIN LV0000100485),50,"184,00 €","2,00 €","185,76 €"
2017 08 21,JSC Rigas kugu buvetava (ISIN LV0000100378),2370,"808,17 €","2,02 €","939,58 €"
2017 08 21,JSC Rigas kugu buvetava (ISIN LV0000100378),28,"10,02 €","2,00 €","11,34 €"
2017 08 21,JSC Valmieras stikla skiedra (ISIN LV0000100485),50,"184,00 €","0,00 €","185,76 €"
2017 08 21,JSC Rigas kugu buvetava (ISIN LV0000100378),402,"137,08 €","0,00 €","164,83 €"
2017 08 21,JSC Rigas kugu buvetava (ISIN LV0000100378),3200,"1.091,20 €","1,75 €","1.303,88 €"
2017 08 21,JSC Rigas kugu buvetava (ISIN LV0000100378),598,"203,92 €","0,51 €","242,39 €"
2017 08 25,JSC Latvijas Gaze (ISIN LV0000100899),1,"9,33 €","2,00 €","9,82 €"
2017 08 25,JSC Latvijas Gaze (ISIN LV0000100899),12,"111,96 €","0,00 €","117,89 €"
2017 08 28,JSC Latvijas Gaze (ISIN LV0000100899),3,"27,99 €","0,00 €","29,47 €"
2017 08 28,JSC Grindeks (ISIN LV0000100659),50,"472,50 €","2,00 €","465,05 €"
2017 08 28,JSC Grindeks (ISIN LV0000100659),100,"945,00 €","2,37 €","926,38 €"
2017 08 28,JSC Latvijas Gaze (ISIN LV0000100899),3,"27,99 €","0,00 €","29,47 €"
2017 08 28,JSC Grindeks (ISIN LV0000100659),50,"472,50 €","0,36 €","463,19 €"
2017 08 29,JSC Latvijas Gaze (ISIN LV0000100899),30,"279,90 €","0,00 €","294,74 €"
2017 08 30,"AB ,,Panevėžio statybos trestas"" PVA (ISIN LT0000101446)",1100,"1.419,00 €","3,48 €","1.381,14 €"
2017 08 30,"AB ,,Panevėžio statybos trestas"" PVA (ISIN LT0000101446)",300,"387,00 €","0,00 €","366,92 €"
2017 08 30,"AB ,,Panevėžio statybos trestas"" PVA (ISIN LT0000101446)",300,"387,00 €","2,00 €","366,92 €"
2017 08 30,JSC SAF Tehnika (ISIN LV0000101129),50,"344,50 €","0,00 €","328,03 €"
2017 08 30,JSC Grindeks (ISIN LV0000100659),50,"469,50 €","1,17 €","461,44 €"
2017 08 30,JSC Grindeks (ISIN LV0000100659),21,"197,19 €","0,35 €","193,80 €"
2017 08 30,JSC Grindeks (ISIN LV0000100659),29,"272,31 €","0,00 €","267,64 €"
2017 08 30,JSC Grindeks (ISIN LV0000100659),50,"469,50 €","2,00 €","462,50 €"
2017 08 30,"AB ,,Linas Agro Group"" PVA (ISIN LT0000128092)",300,"217,80 €","2,00 €","211,73 €"
2017 08 30,"AB ,,Vilkyškių pieninė"" PVA (ISIN LT0000127508)",100,"364,00 €","0,91 €","355,89 €"
2017 08 30,"AB ,,Vilkyškių pieninė"" PVA (ISIN LT0000127508)",100,"364,00 €","0,91 €","355,64 €"
2017 08 30,"AB ,,Vilkyškių pieninė"" PVA (ISIN LT0000127508)",100,"364,00 €","0,73 €","355,36 €"
2017 08 30,"AB ,,Vilkyškių pieninė"" PVA (ISIN LT0000127508)",100,"364,00 €","0,00 €","355,36 €"
2017 08 30,"AB ,,Vilkyškių pieninė"" PVA (ISIN LT0000127508)",80,"291,20 €","0,00 €","285,38 €"
2017 08 30,"AB ,,Vilkyškių pieninė"" PVA (ISIN LT0000127508)",20,"72,80 €","2,00 €","71,80 €"
2017 08 30,"AB ,,Klaipėdos nafta"" PVA (ISIN LT0000111650)",200,"104,60 €","2,00 €","105,51 €"
2017 08 30,JSC Grindeks (ISIN LV0000100659),100,"939,00 €","2,35 €","922,88 €"
2017 08 30,JSC SAF Tehnika (ISIN LV0000101129),50,"344,50 €","2,00 €","330,00 €"
2017 08 30,JSC Rigas kugu buvetava (ISIN LV0000100378),1000,"343,00 €","0,73 €","371,00 €"
2017 08 30,JSC Rigas kugu buvetava (ISIN LV0000100378),1687,"578,64 €","0,00 €","642,70 €"
2017 08 30,JSC Rigas kugu buvetava (ISIN LV0000100378),500,"172,00 €","2,00 €","196,23 €"
2017 08 30,JSC Latvijas Gaze (ISIN LV0000100899),1,"9,33 €","0,00 €","9,82 €"
2017 08 31,JSC Olainfarm (ISIN LV0000100501),20,"220,00 €","2,00 €","226,56 €"
2017 08 31,"AB ,,Klaipėdos nafta"" PVA (ISIN LT0000111650)",300,"156,90 €","0,39 €","156,69 €"
2017 08 31,"AB ,,Klaipėdos nafta"" PVA (ISIN LT0000111650)",500,"261,50 €","0,00 €","261,23 €"
2017 08 31,AB Šiaulių bankas PVA (ISIN LT0000102253),50,"29,15 €","2,00 €","30,29 €"
2017 08 31,"AB ,,Klaipėdos nafta"" PVA (ISIN LT0000111650)",1500,"784,50 €","0,88 €","782,35 €"
2017 08 31,Tallink Grupp (ISIN EE3100004466),1500,"1.710,00 €","4,28 €","1.684,20 €"
2017 08 31,Tallinna Kaubamaja Grupp (ISIN EE0000001105),55,"537,35 €","2,00 €","530,00 €"
2017 08 31,Tallinna Kaubamaja Grupp (ISIN EE0000001105),45,"439,65 €","0,44 €","432,40 €"
2017 08 31,Silvano Fashion Group (ISIN EE3100001751),1000,"2.780,00 €","6,95 €","1.400,89 €"
2017 08 31,"AB ,,Linas Agro Group"" PVA (ISIN LT0000128092)",235,"170,14 €","2,00 €","165,85 €"
2017 08 31,JSC Olainfarm (ISIN LV0000100501),10,"110,00 €","0,00 €","113,28 €"
2017 09 01,JSC Latvijas Gaze (ISIN LV0000100899),30,"279,90 €","0,00 €","294,74 €"
2017 09 01,AB Šiaulių bankas PVA (ISIN LT0000102253),350,"204,05 €","0,00 €","207,85 €"
2017 09 01,JSC Olainfarm (ISIN LV0000100501),20,"220,00 €","0,55 €","226,56 €"
2017 09 01,JSC Olainfarm (ISIN LV0000100501),70,"770,00 €","1,93 €","792,98 €"
2017 09 01,AB Šiaulių bankas PVA (ISIN LT0000102253),350,"204,05 €","0,00 €","206,68 €"
2017 09 01,JSC SAF Tehnika (ISIN LV0000101129),50,"326,00 €","0,82 €","348,00 €"
2017 09 01,JSC SAF Tehnika (ISIN LV0000101129),100,"652,00 €","1,26 €","656,34 €"
2017 09 01,JSC SAF Tehnika (ISIN LV0000101129),100,"652,00 €","2,00 €","657,25 €"
2017 09 01,AB Šiaulių bankas PVA (ISIN LT0000102253),1250,"728,75 €","0,92 €","738,13 €"
2017 09 01,JSC Olainfarm (ISIN LV0000100501),230,"2.530,00 €","5,15 €","2.605,51 €"
2017 09 04,JSC Olainfarm (ISIN LV0000100501),150,"1.620,00 €","4,05 €","1.687,48 €"
2017 09 04,"AB ,,Linas Agro Group"" PVA (ISIN LT0000128092)",1265,"915,86 €","0,72 €","892,79 €"
2017 09 04,"AB ,,Linas Agro Group"" PVA (ISIN LT0000128092)",500,"362,00 €","0,90 €","352,88 €"
2017 09 04,JSC Olainfarm (ISIN LV0000100501),45,"486,00 €","1,22 €","505,57 €"
2017 09 04,JSC Olainfarm (ISIN LV0000100501),30,"324,00 €","0,81 €","337,29 €"
2017 09 04,JSC Olainfarm (ISIN LV0000100501),20,"216,00 €","0,54 €","224,32 €"
2017 09 04,JSC Olainfarm (ISIN LV0000100501),100,"1.080,00 €","2,70 €","1.126,62 €"
2017 09 04,JSC Olainfarm (ISIN LV0000100501),286,"3.088,80 €","7,72 €","3.239,89 €"
2017 09 04,JSC Olainfarm (ISIN LV0000100501),150,"1.620,00 €","4,05 €","1.699,23 €"
2017 09 04,"AB ,,Žemaitijos pienas"" PVA (ISIN LT0000121865)",1000,"1.930,00 €","4,83 €","1.894,73 €"
2017 09 04,JSC SAF Tehnika (ISIN LV0000101129),60,"391,20 €","0,98 €","416,00 €"
2017 09 04,JSC SAF Tehnika (ISIN LV0000101129),50,"326,00 €","0,81 €","346,66 €"
2017 09 04,JSC SAF Tehnika (ISIN LV0000101129),40,"260,80 €","0,65 €","277,33 €"
2017 09 04,JSC SAF Tehnika (ISIN LV0000101129),60,"391,20 €","0,98 €","416,00 €"
2017 09 04,JSC SAF Tehnika (ISIN LV0000101129),40,"260,80 €","0,65 €","277,20 €"
2017 09 12,JSC Latvijas Gaze (ISIN LV0000100899),30,"279,90 €","0,57 €","294,47 €"
2017 09 14,JSC Grindeks (ISIN LV0000100659),150,"1.266,00 €","3,17 €","1.239,09 €"
2017 09 19,JSC Grindeks (ISIN LV0000100659),50,"414,00 €","2,00 €","413,03 €"
2017 09 19,JSC Grindeks (ISIN LV0000100659),50,"414,50 €","2,00 €","413,03 €"
2017 09 19,JSC Grindeks (ISIN LV0000100659),35,"289,80 €","0,00 €","292,25 €"
2017 09 20,JSC Grindeks (ISIN LV0000100659),50,"414,50 €","0,07 €","410,78 €"
2017 09 20,JSC Grindeks (ISIN LV0000100659),50,"414,00 €","1,04 €","412,00 €"
2017 09 20,JSC Grindeks (ISIN LV0000100659),50,"414,50 €","1,04 €","410,78 €"
2017 09 20,JSC Grindeks (ISIN LV0000100659),15,"124,20 €","0,31 €","124,82 €"
2017 09 20,JSC Grindeks (ISIN LV0000100659),50,"414,00 €","1,04 €","416,06 €"
2017 09 20,JSC Grindeks (ISIN LV0000100659),50,"414,00 €","0,79 €","416,49 €"
2017 09 20,"AB ,,Panevėžio statybos trestas"" PVA (ISIN LT0000101446)",400,"444,00 €","1,11 €","449,49 €"
2017 09 20,"AB ,,Panevėžio statybos trestas"" PVA (ISIN LT0000101446)",100,"111,00 €","0,27 €","125,21 €"
2017 09 20,"AB ,,Panevėžio statybos trestas"" PVA (ISIN LT0000101446)",1000,"1.110,00 €","2,78 €","1.264,95 €"
2017 09 21,"AB ,,Žemaitijos pienas"" PVA (ISIN LT0000121865)",25,"48,75 €","2,00 €","48,61 €"
2017 09 21,JSC SAF Tehnika (ISIN LV0000101129),65,"416,00 €","2,00 €","428,58 €"
2017 09 21,JSC SAF Tehnika (ISIN LV0000101129),25,"160,00 €","0,00 €","164,29 €"
2017 09 21,JSC SAF Tehnika (ISIN LV0000101129),35,"224,00 €","0,00 €","230,01 €"
2017 09 22,JSC SAF Tehnika (ISIN LV0000101129),150,"978,00 €","2,45 €","985,75 €"
2017 09 26,JSC SAF Tehnika (ISIN LV0000101129),102,"665,04 €","1,66 €","670,67 €"
2017 09 26,JSC SAF Tehnika (ISIN LV0000101129),32,"208,64 €","0,52 €","210,44 €"
2017 09 26,JSC SAF Tehnika (ISIN LV0000101129),1,"6,52 €","0,02 €","6,58 €"
2017 09 26,JSC SAF Tehnika (ISIN LV0000101129),16,"104,32 €","0,26 €","105,22 €"
2017 09 27,"AB ,,Vilkyškių pieninė"" PVA (ISIN LT0000127508)",50,"179,50 €","0,45 €","182,78 €"
2017 09 27,"AB ,,Vilkyškių pieninė"" PVA (ISIN LT0000127508)",50,"179,50 €","0,45 €","182,78 €"
2017 09 27,JSC Grindeks (ISIN LV0000100659),50,"403,00 €","2,00 €","410,78 €"
2017 09 27,JSC Grindeks (ISIN LV0000100659),150,"1.209,00 €","2,03 €","1.242,86 €"
2017 09 27,JSC SAF Tehnika (ISIN LV0000101129),74,"482,48 €","1,20 €","486,65 €"
2017 09 27,JSC Valmieras stikla skiedra (ISIN LV0000100485),45,"167,85 €","2,00 €","170,53 €"
2017 09 27,JSC Valmieras stikla skiedra (ISIN LV0000100485),150,"559,50 €","0,00 €","568,42 €"
2017 09 27,JSC Valmieras stikla skiedra (ISIN LV0000100485),510,"1.902,30 €","4,57 €","1.929,09 €"
2017 09 27,JSC Valmieras stikla skiedra (ISIN LV0000100485),150,"559,50 €","1,40 €","566,31 €"
2017 09 27,"AB ,,Vilkyškių pieninė"" PVA (ISIN LT0000127508)",150,"538,50 €","2,00 €","554,00 €"
2017 09 27,"AB ,,Vilkyškių pieninė"" PVA (ISIN LT0000127508)",150,"538,50 €","0,69 €","552,76 €"
2017 09 27,"AB ,,Vilkyškių pieninė"" PVA (ISIN LT0000127508)",100,"359,00 €","0,90 €","367,00 €"
2017 09 28,"AB ,,Vilkyškių pieninė"" PVA (ISIN LT0000127508)",100,"359,00 €","0,90 €","365,55 €"
2017 09 28,",,Energijos skirstymo operatorius"", AB PVA (ISIN LT0000130023)",300,"273,90 €","0,00 €","262,01 €"
2017 09 28,",,Energijos skirstymo operatorius"", AB PVA (ISIN LT0000130023)",328,"299,46 €","2,00 €","287,03 €"
2017 09 28,JSC Rigas kugu buvetava (ISIN LV0000100378),200,"63,80 €","2,00 €","74,18 €"
2017 09 29,",,Energijos skirstymo operatorius"", AB PVA (ISIN LT0000130023)",372,"339,64 €","0,85 €","323,70 €"
2017 09 29,",,Energijos skirstymo operatorius"", AB PVA (ISIN LT0000130023)",400,"365,20 €","0,91 €","348,07 €"
2017 09 29,",,Energijos skirstymo operatorius"", AB PVA (ISIN LT0000130023)",1100,"1.004,30 €","2,51 €","957,19 €"
2017 09 29,",,Energijos skirstymo operatorius"", AB PVA (ISIN LT0000130023)",400,"365,20 €","0,35 €","349,23 €"
2017 09 29,",,Energijos skirstymo operatorius"", AB PVA (ISIN LT0000130023)",1100,"1.004,30 €","2,51 €","959,47 €"
2017 10 05,JSC Valmieras stikla skiedra (ISIN LV0000100485),266,"992,18 €","2,48 €","977,03 €"
2017 10 05,"AB ,,Pieno žvaigždės"" PVA (ISIN LT0000111676)",1000,"1.380,00 €","3,45 €","1.428,89 €"
2017 10 05,"AB ,,Vilkyškių pieninė"" PVA (ISIN LT0000127508)",400,"1.560,00 €","3,90 €","1.445,79 €"
2017 10 05,JSC Valmieras stikla skiedra (ISIN LV0000100485),150,"559,50 €","1,40 €","564,30 €"
2017 10 05,"AB ,,Pieno žvaigždės"" PVA (ISIN LT0000111676)",1000,"1.380,00 €","3,45 €","1.402,35 €"
2017 10 05,"AB ,,Pieno žvaigždės"" PVA (ISIN LT0000111676)",170,"234,60 €","0,59 €","236,30 €"
2017 10 06,JSC Valmieras stikla skiedra (ISIN LV0000100485),50,"186,50 €","0,00 €","183,46 €"
2017 10 06,"AB ,,Pieno žvaigždės"" PVA (ISIN LT0000111676)",250,"345,00 €","0,86 €","347,50 €"
2017 10 06,JSC Valmieras stikla skiedra (ISIN LV0000100485),70,"261,10 €","2,00 €","256,84 €"
2017 10 09,"AB ,,Pieno žvaigždės"" PVA (ISIN LT0000111676)",145,"200,10 €","0,50 €","196,69 €"
2017 10 10,"AB ,,Pieno žvaigždės"" PVA (ISIN LT0000111676)",1000,"1.380,00 €","3,45 €","1.349,82 €"
2017 10 10,JSC Valmieras stikla skiedra (ISIN LV0000100485),150,"559,50 €","1,39 €","550,37 €"
2017 10 10,JSC Valmieras stikla skiedra (ISIN LV0000100485),702,"2.618,46 €","5,67 €","2.575,74 €"
2017 10 11,"AB ,,Pieno žvaigždės"" PVA (ISIN LT0000111676)",435,"600,30 €","1,50 €","238,20 €"
2017 10 13,JSC Valmieras stikla skiedra (ISIN LV0000100485),88,"330,00 €","0,83 €","322,89 €"
2017 10 17,JSC Latvijas Gaze (ISIN LV0000100899),95,"909,15 €","2,28 €","866,52 €"
2017 10 17,JSC Latvijas Gaze (ISIN LV0000100899),205,"1.961,85 €","4,90 €","1.954,94 €"
2017 10 17,",,Lietuvos energijos gamyba"", AB PVA (ISIN LT0000128571)",1000,"630,00 €","1,58 €","630,74 €"
2017 10 17,",,Lietuvos energijos gamyba"", AB PVA (ISIN LT0000128571)",1000,"630,00 €","1,57 €","642,11 €"
2017 10 17,",,Lietuvos energijos gamyba"", AB PVA (ISIN LT0000128571)",1000,"630,00 €","1,58 €","644,61 €"
2017 10 17,",,Lietuvos energijos gamyba"", AB PVA (ISIN LT0000128571)",1867,"1.176,21 €","2,94 €","1.195,76 €"
2017 10 18,JSC Latvijas Gaze (ISIN LV0000100899),131,"1.298,21 €","2,71 €","1.205,72 €"
2017 10 18,JSC Latvijas Gaze (ISIN LV0000100899),59,"584,69 €","2,00 €","541,65 €"
2017 10 18,",,Lietuvos energijos gamyba"", AB PVA (ISIN LT0000128571)",77,"48,82 €","2,00 €","48,58 €"
2017 10 18,",,Lietuvos energijos gamyba"", AB PVA (ISIN LT0000128571)",133,"84,32 €","0,21 €","83,93 €"
2017 10 18,JSC Latvijas Gaze (ISIN LV0000100899),59,"584,69 €","1,46 €","544,84 €"
2017 10 19,JSC Latvijas Gaze (ISIN LV0000100899),10,"99,20 €","0,25 €","92,36 €"
2017 10 19,JSC Rigas kugu buvetava (ISIN LV0000100378),3694,"1.137,75 €","1,61 €","1.327,51 €"
2017 10 19,JSC Rigas kugu buvetava (ISIN LV0000100378),1000,"308,00 €","2,00 €","368,86 €"
2017 10 20,"AB ,,Žemaitijos pienas"" PVA (ISIN LT0000121865)",300,"561,00 €","1,41 €","580,45 €"
2017 10 20,"AB ,,Žemaitijos pienas"" PVA (ISIN LT0000121865)",300,"561,00 €","1,40 €","580,45 €"
2017 10 20,"AB ,,Žemaitijos pienas"" PVA (ISIN LT0000121865)",130,"243,10 €","0,61 €","251,52 €"
2017 10 20,",,Lietuvos energijos gamyba"", AB PVA (ISIN LT0000128571)",350,"221,90 €","0,00 €","220,83 €"
2017 10 20,AB Šiaulių bankas PVA (ISIN LT0000102253),1000,"582,00 €","2,00 €","583,46 €"
2017 10 20,AB Šiaulių bankas PVA (ISIN LT0000102253),900,"523,80 €","0,76 €","525,11 €"
2017 10 20,AB Šiaulių bankas PVA (ISIN LT0000102253),1000,"582,00 €","1,46 €","583,46 €"
2017 10 20,AB Šiaulių bankas PVA (ISIN LT0000102253),1000,"582,00 €","1,45 €","583,46 €"
2017 10 20,AB Šiaulių bankas PVA (ISIN LT0000102253),100,"58,20 €","0,15 €","58,35 €"
2017 10 20,JSC Rigas kugu buvetava (ISIN LV0000100378),750,"229,50 €","2,00 €","284,21 €"
2017 10 20,"AB ,,Žemaitijos pienas"" PVA (ISIN LT0000121865)",100,"187,00 €","2,00 €","194,43 €"
2017 10 20,"AB ,,Žemaitijos pienas"" PVA (ISIN LT0000121865)",300,"561,00 €","0,00 €","579,32 €"
2017 10 20,"AB ,,Žemaitijos pienas"" PVA (ISIN LT0000121865)",300,"561,00 €","1,27 €","580,39 €"
2017 10 23,"AB ,,Žemaitijos pienas"" PVA (ISIN LT0000121865)",300,"561,00 €","1,40 €","579,57 €"
2017 10 23,"AB ,,Žemaitijos pienas"" PVA (ISIN LT0000121865)",200,"374,00 €","0,93 €","393,91 €"
2017 10 23,JSC SAF Tehnika (ISIN LV0000101129),44,"294,36 €","0,51 €","291,43 €"
2017 10 23,JSC SAF Tehnika (ISIN LV0000101129),106,"709,14 €","2,00 €","702,74 €"
2017 10 23,AB Šiaulių bankas PVA (ISIN LT0000102253),1000,"588,00 €","0,00 €","582,00 €"
2017 10 23,AB Šiaulių bankas PVA (ISIN LT0000102253),670,"393,96 €","2,45 €",
2017 10 23,AB Šiaulių bankas PVA (ISIN LT0000102253),500,"295,00 €","0,49 €",
2017 10 23,AB Šiaulių bankas PVA (ISIN LT0000102253),1190,"702,10 €","2,00 €",
2017 10 23,",,Lietuvos energijos gamyba"", AB PVA (ISIN LT0000128571)",270,"171,18 €","0,43 €","170,81 €"
2017 10 23,",,Lietuvos energijos gamyba"", AB PVA (ISIN LT0000128571)",1000,"634,00 €","1,59 €","632,58 €"
2017 10 23,",,Lietuvos energijos gamyba"", AB PVA (ISIN LT0000128571)",955,"605,47 €","1,51 €","604,12 €"
2017 10 23,",,Lietuvos energijos gamyba"", AB PVA (ISIN LT0000128571)",2045,"1.296,53 €","1,99 €","1.283,90 €"
2017 10 23,",,Lietuvos energijos gamyba"", AB PVA (ISIN LT0000128571)",45,"28,53 €","0,00 €","28,36 €"
2017 10 24,JSC SAF Tehnika (ISIN LV0000101129),8,"53,52 €","0,13 €","52,99 €"
2017 10 24,JSC SAF Tehnika (ISIN LV0000101129),54,"361,26 €","0,91 €","357,66 €"
2017 10 26,",,Lietuvos energijos gamyba"", AB PVA (ISIN LT0000128571)",300,"188,40 €","0,04 €","189,65 €"
2017 10 26,",,Lietuvos energijos gamyba"", AB PVA (ISIN LT0000128571)",1000,"628,00 €","2,00 €","632,96 €"
2017 10 26,",,Lietuvos energijos gamyba"", AB PVA (ISIN LT0000128571)",700,"439,60 €","1,10 €","443,58 €"
2017 10 26,",,Lietuvos energijos gamyba"", AB PVA (ISIN LT0000128571)",1000,"628,00 €","1,57 €","632,30 €"
2017 10 27,"AB ,,LITGRID"" PVA (ISIN LT0000128415)",300,"209,70 €","0,52 €","211,88 €"
2017 10 27,"AB ,,Žemaitijos pienas"" PVA (ISIN LT0000121865)",128,"232,96 €","2,00 €","251,11 €"
2017 10 27,"AB ,,Žemaitijos pienas"" PVA (ISIN LT0000121865)",560,"1.013,60 €","1,12 €","1.097,99 €"
2017 10 27,"AB ,,Žemaitijos pienas"" PVA (ISIN LT0000121865)",500,"905,00 €","2,26 €","965,91 €"
2017 10 27,"AB ,,Žemaitijos pienas"" PVA (ISIN LT0000121865)",300,"543,00 €","1,36 €","580,45 €"
2017 10 27,"AB ,,Žemaitijos pienas"" PVA (ISIN LT0000121865)",900,"1.629,00 €","4,07 €","1.737,97 €"
2017 10 27,"AB ,,Žemaitijos pienas"" PVA (ISIN LT0000121865)",300,"543,00 €","1,36 €","577,11 €"
2017 10 27,"AB ,,Žemaitijos pienas"" PVA (ISIN LT0000121865)",200,"362,00 €","0,90 €","384,36 €"
2017 10 27,"AB ,,LITGRID"" PVA (ISIN LT0000128415)",300,"209,70 €","0,10 €","211,76 €"
2017 10 27,"AB ,,LITGRID"" PVA (ISIN LT0000128415)",300,"209,70 €","0,00 €","211,50 €"
2017 10 27,"AB ,,LITGRID"" PVA (ISIN LT0000128415)",300,"209,70 €","0,00 €","212,30 €"
2017 10 27,"AB ,,LITGRID"" PVA (ISIN LT0000128415)",300,"209,70 €","2,00 €","212,70 €"
2017 10 27,"AB ""Amber Grid"" PVA (ISIN LT0000128696)",195,"284,70 €","2,00 €","242,41 €"
2017 10 27,"AB ,,Žemaitijos pienas"" PVA (ISIN LT0000121865)",112,"202,72 €","0,51 €","214,45 €"
2017 10 27,"AB ""Amber Grid"" PVA (ISIN LT0000128696)",500,"730,00 €","0,54 €","621,55 €"
2017 10 30,JSC Grindeks (ISIN LV0000100659),90,"726,30 €","2,00 €","713,90 €"
2017 10 30,"AB ""Amber Grid"" PVA (ISIN LT0000128696)",500,"730,00 €","1,82 €","621,54 €"
2017 10 30,",,Lietuvos energijos gamyba"", AB PVA (ISIN LT0000128571)",138,"86,80 €","2,00 €","89,42 €"
2017 10 31,"AB ,,Žemaitijos pienas"" PVA (ISIN LT0000121865)",280,"523,60 €","1,31 €","536,14 €"
2017 10 31,",,Lietuvos energijos gamyba"", AB PVA (ISIN LT0000128571)",258,"163,57 €","0,41 €","166,05 €"
2017 10 31,",,Lietuvos energijos gamyba"", AB PVA (ISIN LT0000128571)",500,"314,50 €","0,79 €","322,50 €"
2017 10 31,",,Lietuvos energijos gamyba"", AB PVA (ISIN LT0000128571)",1362,"856,70 €","0,36 €","878,86 €"
2017 10 31,"AB ,,Žemaitijos pienas"" PVA (ISIN LT0000121865)",20,"37,40 €","0,10 €","38,30 €"
2017 10 31,JSC Grindeks (ISIN LV0000100659),90,"729,00 €","1,64 €","713,57 €"
2017 10 31,"AB ,,Žemaitijos pienas"" PVA (ISIN LT0000121865)",470,"878,90 €","2,20 €","870,54 €"
2017 10 31,"AB ,,Žemaitijos pienas"" PVA (ISIN LT0000121865)",300,"561,00 €","1,40 €","574,43 €"
2017 10 31,JSC Grindeks (ISIN LV0000100659),90,"729,00 €","1,82 €","713,57 €"
2017 11 08,"AB ""Amber Grid"" PVA (ISIN LT0000128696)",300,"417,00 €","0,09 €","372,93 €"
2017 11 08,"AB ""Amber Grid"" PVA (ISIN LT0000128696)",300,"417,00 €","1,04 €","411,18 €"
2017 11 08,"AB ""Amber Grid"" PVA (ISIN LT0000128696)",200,"278,00 €","0,69 €","262,40 €"
2017 11 08,"AB ""Amber Grid"" PVA (ISIN LT0000128696)",500,"700,00 €","2,00 €","655,42 €"
2017 11 08,"AB ""Amber Grid"" PVA (ISIN LT0000128696)",300,"417,00 €","1,05 €","388,10 €"
2017 11 08,"AB ""Amber Grid"" PVA (ISIN LT0000128696)",100,"139,00 €","0,34 €","124,31 €"
2017 11 08,"AB ""Amber Grid"" PVA (ISIN LT0000128696)",300,"417,00 €","2,00 €","372,93 €"
2017 11 09,"AB ""Amber Grid"" PVA (ISIN LT0000128696)",500,"695,00 €","2,00 €","691,72 €"
2017 11 09,"AB ""Amber Grid"" PVA (ISIN LT0000128696)",500,"695,00 €","1,73 €","707,22 €"
2017 11 09,"AB ""Amber Grid"" PVA (ISIN LT0000128696)",500,"695,00 €","1,74 €","722,51 €"
2017 11 09,"AB ""Amber Grid"" PVA (ISIN LT0000128696)",500,"695,00 €","1,74 €","726,81 €"
2017 11 09,"AB ""Amber Grid"" PVA (ISIN LT0000128696)",159,"222,60 €","0,31 €","231,13 €"
2017 11 09,"AB ""Amber Grid"" PVA (ISIN LT0000128696)",500,"695,00 €","1,48 €","691,73 €"
2017 11 10,",,Lietuvos energijos gamyba"", AB PVA (ISIN LT0000128571)",100,"63,30 €","2,00 €","64,36 €"
2017 11 10,",,Lietuvos energijos gamyba"", AB PVA (ISIN LT0000128571)",100,"63,30 €","0,00 €","64,36 €"
2017 11 10,"AB ""Amber Grid"" PVA (ISIN LT0000128696)",113,"158,20 €","0,39 €","164,26 €"
2017 11 13,"AB ""Amber Grid"" PVA (ISIN LT0000128696)",500,"700,00 €","1,75 €","726,81 €"
2017 11 13,"AB ""Amber Grid"" PVA (ISIN LT0000128696)",228,"319,20 €","0,80 €","329,97 €"
2017 11 16,JSC Rigas kugu buvetava (ISIN LV0000100378),316,"96,70 €","0,00 €","116,08 €"
2017 11 16,JSC Rigas kugu buvetava (ISIN LV0000100378),1000,"306,00 €","0,00 €","374,72 €"
2017 11 21,",,Lietuvos energijos gamyba"", AB PVA (ISIN LT0000128571)",200,"126,60 €","0,00 €","128,72 €"
2017 11 29,",,Lietuvos energijos gamyba"", AB PVA (ISIN LT0000128571)",1000,"629,00 €","2,00 €","643,80 €"
2017 11 29,",,Lietuvos energijos gamyba"", AB PVA (ISIN LT0000128571)",100,"62,90 €","0,00 €","64,36 €"
2017 12 01,",,Lietuvos energijos gamyba"", AB PVA (ISIN LT0000128571)",191,"120,14 €","0,03 €","122,93 €"
2017 12 06,Tallinna Vesi (ISIN EE3100026436),34,"411,40 €","2,00 €","475,29 €"
2017 12 07,"AB ,,Žemaitijos pienas"" PVA (ISIN LT0000121865)",1000,"1.880,00 €","4,70 €","1.831,51 €"
2017 12 07,"AB ,,LITGRID"" PVA (ISIN LT0000128415)",1000,"704,00 €","1,63 €","691,34 €"
2017 12 07,"AB ,,LITGRID"" PVA (ISIN LT0000128415)",1065,"749,76 €","2,00 €","737,07 €"
2017 12 08,Tallinna Vesi (ISIN EE3100026436),11,"130,90 €","2,00 €","153,18 €"
2017 12 08,Tallinna Vesi (ISIN EE3100026436),100,"1.190,00 €","1,30 €","1.392,54 €"
2017 12 08,Tallinna Vesi (ISIN EE3100026436),75,"892,50 €","2,23 €","1.044,64 €"
2017 12 08,Tallinna Vesi (ISIN EE3100026436),200,"2.380,00 €","5,95 €","2.783,95 €"
2017 12 08,Tallinna Vesi (ISIN EE3100026436),100,"1.190,00 €","2,98 €","1.383,45 €"
2017 12 08,Tallinna Vesi (ISIN EE3100026436),86,"1.023,40 €","2,56 €","1.172,52 €"
2017 12 08,Tallinna Vesi (ISIN EE3100026436),290,"3.451,00 €","8,63 €","4.012,01 €"
2017 12 08,Tallinna Vesi (ISIN EE3100026436),125,"1.487,50 €","3,72 €","1.724,31 €"
2017 12 08,Tallinna Vesi (ISIN EE3100026436),150,"1.785,00 €","4,46 €","2.046,10 €"
2017 12 08,Tallinna Vesi (ISIN EE3100026436),56,"666,40 €","1,67 €","763,50 €"
2017 12 08,Tallinna Vesi (ISIN EE3100026436),8,"95,20 €","0,24 €","109,07 €"
2017 12 08,Tallinna Vesi (ISIN EE3100026436),190,"2.261,00 €","5,65 €","2.628,55 €"
2017 12 11,JSC Olainfarm (ISIN LV0000100501),90,"830,70 €","2,08 €","1.028,57 €"
2017 12 11,JSC Olainfarm (ISIN LV0000100501),330,"3.045,90 €","7,61 €","3.628,40 €"
2017 12 11,Tallinna Vesi (ISIN EE3100026436),150,"1.785,00 €","4,46 €","1.909,76 €"
2017 12 11,Tallinna Vesi (ISIN EE3100026436),316,"3.760,40 €","9,40 €","4.271,85 €"
2017 12 11,Tallinna Vesi (ISIN EE3100026436),150,"1.785,00 €","4,46 €","2.036,08 €"
2017 12 12,JSC Latvijas Gaze (ISIN LV0000100899),47,"465,77 €","2,00 €","504,16 €"
2017 12 12,JSC Rigas kugu buvetava (ISIN LV0000100378),3500,"980,00 €","1,50 €","1.247,66 €"
2017 12 12,JSC Rigas kugu buvetava (ISIN LV0000100378),1500,"420,00 €","2,00 €","550,10 €"
2017 12 13,JSC Olainfarm (ISIN LV0000100501),100,"892,00 €","2,23 €","1.031,81 €"
2017 12 13,JSC Olainfarm (ISIN LV0000100501),100,"892,00 €","2,23 €","1.032,35 €"
2017 12 13,JSC Olainfarm (ISIN LV0000100501),200,"1.784,00 €","4,46 €","2.073,10 €"
2017 12 13,JSC Olainfarm (ISIN LV0000100501),280,"2.497,60 €","6,24 €","2.918,98 €"
2017 12 13,JSC Olainfarm (ISIN LV0000100501),200,"1.784,00 €","4,46 €","2.073,37 €"
2017 12 13,JSC Olainfarm (ISIN LV0000100501),320,"2.854,40 €","7,14 €","3.264,62 €"
2017 12 13,JSC Rigas kugu buvetava (ISIN LV0000100378),150,"42,75 €","0,00 €","51,03 €"
2017 12 13,JSC Latvijas Gaze (ISIN LV0000100899),14,"139,30 €","0,11 €","150,18 €"
2017 12 13,JSC Rigas kugu buvetava (ISIN LV0000100378),1000,"285,00 €","2,00 €","340,22 €"
2017 12 13,JSC Rigas kugu buvetava (ISIN LV0000100378),100,"28,50 €","0,00 €","34,02 €"
2017 12 13,JSC Rigas kugu buvetava (ISIN LV0000100378),200,"57,00 €","0,00 €","68,04 €"
2017 12 13,JSC Rigas kugu buvetava (ISIN LV0000100378),150,"42,75 €","0,00 €","51,03 €"
2017 12 13,JSC Latvijas Gaze (ISIN LV0000100899),24,"238,80 €","0,00 €","257,44 €"
2017 12 14,"AB ,,Pieno žvaigždės"" PVA (ISIN LT0000111676)",150,"199,50 €","2,00 €","206,17 €"
2017 12 14,JSC Rigas kugu buvetava (ISIN LV0000100378),1000,"285,00 €","0,00 €","326,01 €"
2017 12 14,JSC Olainfarm (ISIN LV0000100501),350,"2.975,00 €","7,44 €","3.550,59 €"
2017 12 14,JSC Olainfarm (ISIN LV0000100501),100,"880,00 €","2,20 €","1.002,51 €"
2017 12 14,JSC Olainfarm (ISIN LV0000100501),200,"1.752,00 €","4,38 €","1.996,57 €"
2017 12 14,JSC Olainfarm (ISIN LV0000100501),53,"467,46 €","2,00 €","515,92 €"
2017 12 14,JSC Olainfarm (ISIN LV0000100501),47,"414,54 €","0,21 €","457,51 €"
2017 12 14,Tallink Grupp (ISIN EE3100004466),491,"545,01 €","2,00 €","532,66 €"
2017 12 14,Tallink Grupp (ISIN EE3100004466),2000,"2.220,00 €","4,91 €","2.179,11 €"
2017 12 14,",,Energijos skirstymo operatorius"", AB PVA (ISIN LT0000130023)",432,"369,79 €","2,00 €","400,57 €"
2017 12 14,",,Energijos skirstymo operatorius"", AB PVA (ISIN LT0000130023)",2000,"1.712,00 €","3,20 €","1.845,27 €"
2017 12 14,",,Energijos skirstymo operatorius"", AB PVA (ISIN LT0000130023)",68,"58,21 €","0,15 €","62,74 €"
2017 12 14,",,Energijos skirstymo operatorius"", AB PVA (ISIN LT0000130023)",1000,"856,00 €","2,14 €","922,97 €"
2017 12 14,",,Energijos skirstymo operatorius"", AB PVA (ISIN LT0000130023)",1932,"1.653,79 €","4,13 €","1.766,07 €"
2017 12 14,",,Energijos skirstymo operatorius"", AB PVA (ISIN LT0000130023)",1000,"856,00 €","2,14 €","882,20 €"
2017 12 14,",,Energijos skirstymo operatorius"", AB PVA (ISIN LT0000130023)",1000,"856,00 €","2,14 €","882,20 €"
2017 12 14,JSC Grindeks (ISIN LV0000100659),100,"724,00 €","2,00 €","722,80 €"
2017 12 14,JSC Grindeks (ISIN LV0000100659),300,"2.172,00 €","5,24 €","2.168,41 €"
2017 12 14,"AB ,,Pieno žvaigždės"" PVA (ISIN LT0000111676)",590,"772,90 €","2,00 €","454,16 €"
2017 12 15,JSC Olainfarm (ISIN LV0000100501),100,"896,00 €","2,24 €","973,43 €"
2017 12 15,JSC Olainfarm (ISIN LV0000100501),177,"1.585,92 €","3,96 €","1.715,52 €"
2017 12 15,"AB ,,Vilkyškių pieninė"" PVA (ISIN LT0000127508)",1235,"4.618,90 €","11,55 €","4.729,49 €"
2017 12 15,JSC Grindeks (ISIN LV0000100659),105,"740,25 €","1,85 €","736,50 €"
2017 12 15,JSC Grindeks (ISIN LV0000100659),100,"719,00 €","2,00 €","722,80 €"
2017 12 15,JSC Grindeks (ISIN LV0000100659),500,"3.530,00 €","8,83 €","3.509,09 €"
2017 12 15,Tallink Grupp (ISIN EE3100004466),509,"564,99 €","1,42 €","566,41 €"
2017 12 18,JSC SAF Tehnika (ISIN LV0000101129),60,"407,40 €","2,00 €","461,74 €"
2017 12 18,JSC Grindeks (ISIN LV0000100659),80,"552,00 €","1,38 €","549,37 €"
2017 12 18,"AB ,,AUGA group"" PVA (ISIN LT0000127466)",200,"109,80 €","0,00 €","107,69 €"
2017 12 18,"AB ,,AUGA group"" PVA (ISIN LT0000127466)",200,"109,80 €","0,00 €","107,51 €"
2017 12 18,JSC Olainfarm (ISIN LV0000100501),341,"3.007,62 €","7,52 €","3.099,61 €"
2017 12 18,JSC Olainfarm (ISIN LV0000100501),60,"529,20 €","1,32 €","496,24 €"
2017 12 18,JSC Olainfarm (ISIN LV0000100501),346,"3.006,74 €","7,52 €","2.927,51 €"
2017 12 18,JSC Olainfarm (ISIN LV0000100501),54,"469,26 €","1,17 €","477,52 €"
2017 12 18,",,Energijos skirstymo operatorius"", AB PVA (ISIN LT0000130023)",71,"60,78 €","2,00 €","62,64 €"
2017 12 18,",,Energijos skirstymo operatorius"", AB PVA (ISIN LT0000130023)",2467,"2.109,29 €","5,27 €","2.176,38 €"
2017 12 18,",,Energijos skirstymo operatorius"", AB PVA (ISIN LT0000130023)",1000,"855,00 €","2,14 €","881,70 €"
2017 12 18,",,Energijos skirstymo operatorius"", AB PVA (ISIN LT0000130023)",533,"455,72 €","1,14 €","469,44 €"
2017 12 18,",,Energijos skirstymo operatorius"", AB PVA (ISIN LT0000130023)",929,"795,22 €","0,14 €","816,67 €"
2017 12 18,",,Energijos skirstymo operatorius"", AB PVA (ISIN LT0000130023)",1071,"916,78 €","2,29 €","939,48 €"
2017 12 18,",,Energijos skirstymo operatorius"", AB PVA (ISIN LT0000130023)",497,"425,43 €","1,07 €","435,97 €"
2017 12 18,JSC Grindeks (ISIN LV0000100659),100,"690,00 €","2,00 €","703,76 €"
2017 12 18,JSC Grindeks (ISIN LV0000100659),120,"828,00 €","1,80 €","844,51 €"
2017 12 18,JSC Grindeks (ISIN LV0000100659),100,"690,00 €","1,72 €","691,83 €"
2017 12 18,"AB ,,AUGA group"" PVA (ISIN LT0000127466)",100,"54,90 €","2,00 €","53,84 €"
2017 12 19,"AB ,,AUGA group"" PVA (ISIN LT0000127466)",50,"27,45 €","0,00 €","26,74 €"
2017 12 19,JSC Olainfarm (ISIN LV0000100501),348,"3.062,40 €","5,70 €","3.081,48 €"
2017 12 19,"AB ,,AUGA group"" PVA (ISIN LT0000127466)",4500,"2.470,50 €","6,18 €","2.434,28 €"
2017 12 19,"AB ,,AUGA group"" PVA (ISIN LT0000127466)",79,"43,45 €","2,00 €","43,09 €"
2017 12 19,"AB ,,AUGA group"" PVA (ISIN LT0000127466)",3000,"1.650,00 €","2,23 €","1.632,09 €"
2017 12 19,"AB ,,AUGA group"" PVA (ISIN LT0000127466)",1000,"550,00 €","1,38 €","543,36 €"
2017 12 19,"AB ,,AUGA group"" PVA (ISIN LT0000127466)",921,"506,55 €","1,27 €","500,43 €"
2017 12 19,"AB ,,AUGA group"" PVA (ISIN LT0000127466)",1000,"550,00 €","2,00 €","543,36 €"
2017 12 19,"AB ,,AUGA group"" PVA (ISIN LT0000127466)",3479,"1.913,45 €","4,16 €","1.886,94 €"
2017 12 19,"AB ,,AUGA group"" PVA (ISIN LT0000127466)",1000,"550,00 €","1,37 €","542,35 €"
2017 12 19,"AB ,,AUGA group"" PVA (ISIN LT0000127466)",433,"238,15 €","0,60 €","234,84 €"
2017 12 19,"AB ,,AUGA group"" PVA (ISIN LT0000127466)",521,"286,55 €","0,72 €","282,56 €"
2017 12 19,"AB ,,AUGA group"" PVA (ISIN LT0000127466)",567,"311,85 €","0,78 €","307,52 €"
2017 12 19,JSC Olainfarm (ISIN LV0000100501),2,"17,60 €","2,00 €","17,65 €"
2017 12 19,"AB ,,AUGA group"" PVA (ISIN LT0000127466)",950,"521,55 €","0,06 €","508,11 €"
2017 12 20,JSC SAF Tehnika (ISIN LV0000101129),429,"2.809,95 €","7,02 €","3.293,77 €"
2017 12 20,JSC SAF Tehnika (ISIN LV0000101129),100,"659,00 €","2,00 €","767,52 €"
2017 12 20,JSC Valmieras stikla skiedra (ISIN LV0000100485),12,"44,40 €","2,00 €","47,28 €"
2017 12 20,"AB ,,AUGA group"" PVA (ISIN LT0000127466)",1000,"549,00 €","2,00 €","542,35 €"
2017 12 20,"AB ,,AUGA group"" PVA (ISIN LT0000127466)",8564,"4.701,64 €","11,13 €","4.645,65 €"
2017 12 20,JSC Olainfarm (ISIN LV0000100501),140,"1.234,80 €","3,09 €","1.263,15 €"
2017 12 20,JSC Olainfarm (ISIN LV0000100501),50,"441,00 €","1,10 €","451,13 €"
2017 12 20,JSC Olainfarm (ISIN LV0000100501),12,"105,84 €","0,26 €","108,27 €"
2017 12 20,JSC Olainfarm (ISIN LV0000100501),70,"616,00 €","2,00 €","631,58 €"
2017 12 20,JSC Olainfarm (ISIN LV0000100501),142,"1.249,60 €","2,66 €","1.278,36 €"
2017 12 20,JSC Olainfarm (ISIN LV0000100501),57,"502,74 €","1,26 €","513,14 €"
2017 12 20,JSC Olainfarm (ISIN LV0000100501),3,"26,40 €","0,07 €","27,01 €"
2017 12 20,JSC Olainfarm (ISIN LV0000100501),50,"439,50 €","2,00 €","450,13 €"
2017 12 20,JSC Olainfarm (ISIN LV0000100501),50,"439,50 €","0,20 €","450,63 €"
2017 12 20,JSC Olainfarm (ISIN LV0000100501),100,"879,00 €","2,20 €","901,47 €"
2017 12 20,JSC Olainfarm (ISIN LV0000100501),100,"878,00 €","2,20 €","902,25 €"
2017 12 20,"AB ""Amber Grid"" PVA (ISIN LT0000128696)",500,"705,00 €","2,00 €","721,80 €"
2017 12 20,"AB ""Amber Grid"" PVA (ISIN LT0000128696)",200,"282,00 €","0,47 €","288,71 €"
2017 12 21,JSC SAF Tehnika (ISIN LV0000101129),92,"598,00 €","1,25 €","646,79 €"
2017 12 21,"AB ""Amber Grid"" PVA (ISIN LT0000128696)",150,"211,50 €","0,53 €","210,05 €"
2017 12 21,"AB ""Amber Grid"" PVA (ISIN LT0000128696)",500,"705,00 €","1,76 €","704,45 €"
2017 12 21,JSC SAF Tehnika (ISIN LV0000101129),92,"598,00 €","0,00 €","645,61 €"
2017 12 21,JSC SAF Tehnika (ISIN LV0000101129),16,"104,00 €","2,00 €","119,56 €"
2017 12 22,JSC Olainfarm (ISIN LV0000100501),20,"167,80 €","0,42 €","170,83 €"
2017 12 22,JSC Olainfarm (ISIN LV0000100501),100,"839,00 €","2,10 €","863,72 €"
2017 12 22,JSC Olainfarm (ISIN LV0000100501),380,"3.192,00 €","7,98 €","3.402,65 €"
2017 12 26,SPDR S&P 500 ETF Trust (ISIN US78462F1030),15,"3.387,37 €","8,47 €","3.222,49 €"
2017 12 27,"AB ""Amber Grid"" PVA (ISIN LT0000128696)",500,"705,00 €","1,76 €","711,19 €"
2017 12 27,"AB ""Amber Grid"" PVA (ISIN LT0000128696)",500,"705,00 €","1,76 €","721,10 €"
2017 12 27,JSC Rigas kugu buvetava (ISIN LV0000100378),4000,"960,00 €","2,40 €","1.259,90 €"
2017 12 28,"AB ""Amber Grid"" PVA (ISIN LT0000128696)",138,"195,96 €","0,49 €","198,80 €"
2017 12 29,JSC Valmieras stikla skiedra (ISIN LV0000100485),134,"495,80 €","0,00 €","527,94 €"
2017 12 29,JSC Valmieras stikla skiedra (ISIN LV0000100485),166,"614,20 €","0,89 €","653,17 €"
