18-05-03 12:04,Pirkimo sandoris , GZE1R ,90,"10,7","2,41","965,41",EUR ,90,90,-- ,2018-05-07,[Peržiūrėti] [Sandorio patvirtinimo dokumentas]
18-05-02 10:31,Pirkimo sandoris , OLF1R ,10,"8,45","0,21","84,71",EUR ,210,450,Atsiskaitytas ,2018-05-04,[Peržiūrėti] [Sandorio patvirtinimo dokumentas]
18-05-02 10:00,Pirkimo sandoris , OLF1R ,200,"8,45","4,23","1694,23",EUR ,210,450,Atsiskaitytas ,2018-05-04,[Peržiūrėti] [Sandorio patvirtinimo dokumentas]
18-05-02 10:00,Pirkimo sandoris , OLF1R ,95,"8,45","2,01","804,76",EUR ,95,95,Atsiskaitytas ,2018-05-04,[Peržiūrėti] [Sandorio patvirtinimo dokumentas]
18-04-27 11:59,Pirkimo sandoris , KNF1L ,6310,"0,572","9,02","3618,34",EUR ,6310,6310,Atsiskaitytas ,2018-05-02,[Peržiūrėti] [Sandorio patvirtinimo dokumentas]
18-04-26 11:55,Pirkimo sandoris , AUG1L ,1000,"0,515","0,35","515,35",EUR ,1826,1826,Atsiskaitytas ,2018-04-30,[Peržiūrėti] [Sandorio patvirtinimo dokumentas]
18-04-26 11:55,Pirkimo sandoris , AUG1L ,826,"0,515",2,"427,39",EUR ,1826,1826,Atsiskaitytas ,2018-04-30,[Peržiūrėti] [Sandorio patvirtinimo dokumentas]
18-04-25 14:54,Pirkimo sandoris , GRD1R ,50,"7,4",2,372,EUR ,50,150,Atsiskaitytas ,2018-04-27,[Peržiūrėti] [Sandorio patvirtinimo dokumentas]
18-04-24 12:25,Pirkimo sandoris , OLF1R ,100,"8,55","2,14","857,14",EUR ,100,100,Atsiskaitytas ,2018-04-26,[Peržiūrėti] [Sandorio patvirtinimo dokumentas]
18-04-23 11:50,Pirkimo sandoris , SAF1R ,150,"5,45","2,04","819,54",EUR ,150,150,Atsiskaitytas ,2018-04-25,[Peržiūrėti] [Sandorio patvirtinimo dokumentas]
18-04-23 10:13,Pirkimo sandoris , TAL1T ,1000,"1,05","2,63","1052,63",EUR ,1000,1000,Atsiskaitytas ,2018-04-25,[Peržiūrėti] [Sandorio patvirtinimo dokumentas]
18-04-19 12:33,Pirkimo sandoris , GRG1L ,100,"1,38",-- ,138,EUR ,200,800,Atsiskaitytas ,2018-04-23,[Peržiūrėti] [Sandorio patvirtinimo dokumentas]
18-04-19 12:32,Pirkimo sandoris , GRG1L ,100,"1,38",2,140,EUR ,200,800,Atsiskaitytas ,2018-04-23,[Peržiūrėti] [Sandorio patvirtinimo dokumentas]
18-04-17 10:55,Pardavimo sandoris , AMG1L ,400,"1,56","1,56","622,44",EUR ,950,950,Atsiskaitytas ,2018-04-19,[Peržiūrėti] [Sandorio patvirtinimo dokumentas]
18-04-17 10:34,Pardavimo sandoris , AMG1L ,250,"1,56","0,15","389,85",EUR ,950,950,Atsiskaitytas ,2018-04-19,[Peržiūrėti] [Sandorio patvirtinimo dokumentas]
18-04-16 15:45,Pirkimo sandoris , SAF1R ,150,"5,4","2,03","812,03",EUR ,150,150,Atsiskaitytas ,2018-04-18,[Peržiūrėti] [Sandorio patvirtinimo dokumentas]
18-04-16 14:08,Pardavimo sandoris , AMG1L ,300,"1,56",2,466,EUR ,950,950,Atsiskaitytas ,2018-04-18,[Peržiūrėti] [Sandorio patvirtinimo dokumentas]
18-04-16 12:22,Pardavimo sandoris , AMG1L ,192,"1,55","0,71","296,89",EUR ,700,700,Atsiskaitytas ,2018-04-18,[Peržiūrėti] [Sandorio patvirtinimo dokumentas]
18-04-16 10:58,Pirkimo sandoris , TAL1T ,1000,"1,04","2,6","1042,6",EUR ,1000,1000,Atsiskaitytas ,2018-04-19,[Peržiūrėti] [Sandorio patvirtinimo dokumentas]
18-04-16 10:35,Pardavimo sandoris , AMG1L ,100,"1,55",-- ,155,EUR ,700,700,Atsiskaitytas ,2018-04-18,[Peržiūrėti] [Sandorio patvirtinimo dokumentas]
18-04-16 10:08,Pirkimo sandoris , TAL1T ,1000,"1,045","2,61","1047,61",EUR ,1000,1000,Atsiskaitytas ,2018-04-18,[Peržiūrėti] [Sandorio patvirtinimo dokumentas]
18-04-16 10:00,Pardavimo sandoris , AMG1L ,450,"1,55","1,68","695,82",EUR ,950,950,Atsiskaitytas ,2018-04-18,[Peržiūrėti] [Sandorio patvirtinimo dokumentas]
18-04-16 10:00,Pardavimo sandoris , AMG1L ,500,"1,55",2,773,EUR ,950,950,Atsiskaitytas ,2018-04-18,[Peržiūrėti] [Sandorio patvirtinimo dokumentas]
18-04-16 10:00,Pardavimo sandoris , AMG1L ,50,"1,55",-- ,"77,5",EUR ,700,700,Atsiskaitytas ,2018-04-18,[Peržiūrėti] [Sandorio patvirtinimo dokumentas]
18-04-13 10:59,Pardavimo sandoris , AMG1L ,358,"1,55",2,"552,9",EUR ,700,700,Atsiskaitytas ,2018-04-17,[Peržiūrėti] [Sandorio patvirtinimo dokumentas]
18-04-11 11:52,Pirkimo sandoris , GRD1R ,32,"7,36","0,12","235,64",EUR ,115,115,Atsiskaitytas ,2018-04-13,[Peržiūrėti] [Sandorio patvirtinimo dokumentas]
18-04-11 11:08,Pirkimo sandoris , GRD1R ,83,"7,36",2,"612,88",EUR ,115,115,Atsiskaitytas ,2018-04-13,[Peržiūrėti] [Sandorio patvirtinimo dokumentas]
18-04-10 15:59,Pardavimo sandoris , GZE1R ,120,"10,8","3,24","1292,76",EUR ,120,120,Atsiskaitytas ,2018-04-12,[Peržiūrėti] [Sandorio patvirtinimo dokumentas]
18-04-10 12:02,Pirkimo sandoris , TAL1T ,1000,"1,055","2,64","1057,64",EUR ,1000,1000,Atsiskaitytas ,2018-04-12,[Peržiūrėti] [Sandorio patvirtinimo dokumentas]
18-04-10 11:30,Pardavimo sandoris , GZE1R ,19,"10,8","0,51","204,69",EUR ,179,179,Atsiskaitytas ,2018-04-12,[Peržiūrėti] [Sandorio patvirtinimo dokumentas]
18-04-10 10:52,Pirkimo sandoris , GRD1R ,115,"7,38","2,12","850,82",EUR ,115,115,Atsiskaitytas ,2018-04-12,[Peržiūrėti] [Sandorio patvirtinimo dokumentas]
18-04-09 14:15,Pirkimo sandoris , OLF1R ,80,"8,5","0,13","680,13",EUR ,100,100,Atsiskaitytas ,2018-04-11,[Peržiūrėti] [Sandorio patvirtinimo dokumentas]
18-04-09 13:43,Pirkimo sandoris , AMG1L ,800,"1,51","3,02","1211,02",EUR ,800,800,Atsiskaitytas ,2018-04-11,[Peržiūrėti] [Sandorio patvirtinimo dokumentas]
18-04-09 13:07,Pirkimo sandoris , OLF1R ,20,"8,5",2,172,EUR ,100,100,Atsiskaitytas ,2018-04-11,[Peržiūrėti] [Sandorio patvirtinimo dokumentas]
18-04-09 11:18,Pirkimo sandoris , GZE1R ,120,"10,6","3,18","1275,18",EUR ,120,120,Atsiskaitytas ,2018-04-11,[Peržiūrėti] [Sandorio patvirtinimo dokumentas]
18-04-06 12:07,Pardavimo sandoris , GZE1R ,75,"10,8","2,02","807,98",EUR ,179,179,Atsiskaitytas ,2018-04-10,[Peržiūrėti] [Sandorio patvirtinimo dokumentas]
18-04-06 11:49,Pardavimo sandoris , AMG1L ,308,"1,56","1,2","479,28",EUR ,1078,1078,Atsiskaitytas ,2018-04-10,[Peržiūrėti] [Sandorio patvirtinimo dokumentas]
18-04-06 10:00,Pardavimo sandoris , AMG1L ,12,"1,56","0,04","18,68",EUR ,1078,1078,Atsiskaitytas ,2018-04-10,[Peržiūrėti] [Sandorio patvirtinimo dokumentas]
18-04-05 13:11,Pardavimo sandoris , GZE1R ,67,"10,8","0,3","723,3",EUR ,179,179,Atsiskaitytas ,2018-04-09,[Peržiūrėti] [Sandorio patvirtinimo dokumentas]
18-04-05 11:52,Pirkimo sandoris , ESO1L ,512,"0,884","0,21","452,82",EUR ,1000,1000,Atsiskaitytas ,2018-04-09,[Peržiūrėti] [Sandorio patvirtinimo dokumentas]
18-04-05 11:14,Pirkimo sandoris , GRD1R ,20,"7,54","0,07","150,87",EUR ,110,110,Atsiskaitytas ,2018-04-09,[Peržiūrėti] [Sandorio patvirtinimo dokumentas]
18-04-05 11:14,Pirkimo sandoris , GRD1R ,26,"7,56","0,17","196,73",EUR ,115,115,Atsiskaitytas ,2018-04-09,[Peržiūrėti] [Sandorio patvirtinimo dokumentas]
18-04-05 10:10,Pirkimo sandoris , OLF1R ,65,"8,6","0,15","559,15",EUR ,100,100,Atsiskaitytas ,2018-04-09,[Peržiūrėti] [Sandorio patvirtinimo dokumentas]
18-04-04 15:59,Pirkimo sandoris , GRD1R ,89,"7,56",2,"674,84",EUR ,115,115,Atsiskaitytas ,2018-04-06,[Peržiūrėti] [Sandorio patvirtinimo dokumentas]
18-04-04 15:59,Pirkimo sandoris , OLF1R ,35,"8,6",2,303,EUR ,100,100,Atsiskaitytas ,2018-04-06,[Peržiūrėti] [Sandorio patvirtinimo dokumentas]
18-04-04 14:02,Pardavimo sandoris , AMG1L ,530,"1,56","0,96","825,84",EUR ,1078,1078,Atsiskaitytas ,2018-04-06,[Peržiūrėti] [Sandorio patvirtinimo dokumentas]
18-04-04 14:02,Pardavimo sandoris , AMG1L ,228,"1,56",2,"353,68",EUR ,1078,1078,Atsiskaitytas ,2018-04-06,[Peržiūrėti] [Sandorio patvirtinimo dokumentas]
18-04-04 13:41,Pirkimo sandoris , ESO1L ,288,"0,884",-- ,"254,59",EUR ,1000,1000,Atsiskaitytas ,2018-04-06,[Peržiūrėti] [Sandorio patvirtinimo dokumentas]
18-04-04 13:21,Pardavimo sandoris , GZE1R ,10,"10,8",-- ,108,EUR ,179,179,Atsiskaitytas ,2018-04-06,[Peržiūrėti] [Sandorio patvirtinimo dokumentas]
18-04-04 12:38,Pirkimo sandoris , ESO1L ,200,"0,884",2,"178,8",EUR ,1000,1000,Atsiskaitytas ,2018-04-06,[Peržiūrėti] [Sandorio patvirtinimo dokumentas]
18-04-04 10:27,Pardavimo sandoris , GZE1R ,8,"10,8",2,"84,4",EUR ,179,179,Atsiskaitytas ,2018-04-06,[Peržiūrėti] [Sandorio patvirtinimo dokumentas]
18-04-04 10:27,Pardavimo sandoris , GZE1R ,38,"10,8","1,03","409,37",EUR ,115,115,Atsiskaitytas ,2018-04-06,[Peržiūrėti] [Sandorio patvirtinimo dokumentas]
18-04-04 10:00,Pirkimo sandoris , VSS1R ,110,"3,48",2,"384,8",EUR ,110,110,Atsiskaitytas ,2018-04-06,[Peržiūrėti] [Sandorio patvirtinimo dokumentas]
18-04-03 15:50,Pirkimo sandoris , BAL1R ,6,"8,6",-- ,"51,6",EUR ,13,155,Atsiskaitytas ,2018-04-05,[Peržiūrėti] [Sandorio patvirtinimo dokumentas]
18-04-03 14:26,Pirkimo sandoris , BAL1R ,7,"8,6",2,"62,2",EUR ,13,155,Atsiskaitytas ,2018-04-05,[Peržiūrėti] [Sandorio patvirtinimo dokumentas]
18-04-03 13:47,Pardavimo sandoris , GZE1R ,34,"10,8","0,92","366,28",EUR ,115,115,Atsiskaitytas ,2018-04-05,[Peržiūrėti] [Sandorio patvirtinimo dokumentas]
18-04-03 13:47,Pardavimo sandoris , GZE1R ,77,"10,8","2,08","829,52",EUR ,115,115,Atsiskaitytas ,2018-04-05,[Peržiūrėti] [Sandorio patvirtinimo dokumentas]
18-04-03 10:00,Pardavimo sandoris , GZE1R ,15,"10,8","0,19","161,81",EUR ,115,115,Atsiskaitytas ,2018-04-05,[Peržiūrėti] [Sandorio patvirtinimo dokumentas]
18-03-28 13:37,Pardavimo sandoris , AMG1L ,471,"1,55","1,68","728,37",EUR ,950,950,Atsiskaitytas ,2018-04-03,[Peržiūrėti] [Sandorio patvirtinimo dokumentas]
18-03-28 12:13,Pardavimo sandoris , AMG1L ,79,"1,55",-- ,"122,45",EUR ,950,950,Atsiskaitytas ,2018-04-03,[Peržiūrėti] [Sandorio patvirtinimo dokumentas]
18-03-28 10:31,Pardavimo sandoris , AMG1L ,400,"1,55",2,618,EUR ,950,950,Atsiskaitytas ,2018-04-03,[Peržiūrėti] [Sandorio patvirtinimo dokumentas]
18-03-27 13:30,Pirkimo sandoris , OLF1R ,38,"8,9","0,23","338,43",EUR ,100,100,Atsiskaitytas ,2018-03-29,[Peržiūrėti] [Sandorio patvirtinimo dokumentas]
18-03-27 11:20,Pirkimo sandoris , OLF1R ,62,"8,9",2,"553,8",EUR ,100,100,Atsiskaitytas ,2018-03-29,[Peržiūrėti] [Sandorio patvirtinimo dokumentas]
18-03-27 10:00,Pardavimo sandoris , TEL1L ,1850,"1,11","3,55","2049,95",EUR ,2000,2000,Atsiskaitytas ,2018-03-29,[Peržiūrėti] [Sandorio patvirtinimo dokumentas]
18-03-27 10:00,Pardavimo sandoris , TEL1L ,150,"1,11",2,"164,5",EUR ,2000,2000,Atsiskaitytas ,2018-03-29,[Peržiūrėti] [Sandorio patvirtinimo dokumentas]
18-03-26 12:29,Pirkimo sandoris , TAL1T ,1500,"1,075","4,03","1616,53",EUR ,1500,1500,Atsiskaitytas ,2018-03-28,[Peržiūrėti] [Sandorio patvirtinimo dokumentas]
18-03-26 12:05,Pirkimo sandoris , GZE1R ,20,"10,6",-- ,212,EUR ,75,75,Atsiskaitytas ,2018-03-28,[Peržiūrėti] [Sandorio patvirtinimo dokumentas]
18-03-26 11:08,Pirkimo sandoris , SAF1R ,145,"5,5",2,"799,5",EUR ,145,145,Atsiskaitytas ,2018-03-28,[Peržiūrėti] [Sandorio patvirtinimo dokumentas]
18-03-26 10:42,Pirkimo sandoris , TAL1T ,2000,"1,06","5,3","2125,3",EUR ,2000,2000,Atsiskaitytas ,2018-03-28,[Peržiūrėti] [Sandorio patvirtinimo dokumentas]
18-03-26 10:18,Pirkimo sandoris , TAL1T ,1661,"1,04","3,2","1730,64",EUR ,2000,2000,Atsiskaitytas ,2018-03-28,[Peržiūrėti] [Sandorio patvirtinimo dokumentas]
18-03-26 10:17,Pirkimo sandoris , TAL1T ,339,"1,04",2,"354,56",EUR ,2000,2000,Atsiskaitytas ,2018-03-28,[Peržiūrėti] [Sandorio patvirtinimo dokumentas]
18-03-26 10:06,Pirkimo sandoris , TAL1T ,1981,"1,05","3,25","2083,3",EUR ,2000,2000,Atsiskaitytas ,2018-03-28,[Peržiūrėti] [Sandorio patvirtinimo dokumentas]
18-03-26 10:06,Pirkimo sandoris , TAL1T ,19,"1,05",2,"21,95",EUR ,2000,2000,Atsiskaitytas ,2018-03-28,[Peržiūrėti] [Sandorio patvirtinimo dokumentas]
18-03-26 10:00,Pirkimo sandoris , TAL1T ,4000,"1,055","10,55","4230,55",EUR ,4000,4000,Atsiskaitytas ,2018-03-28,[Peržiūrėti] [Sandorio patvirtinimo dokumentas]
18-03-23 15:59,Pardavimo sandoris , SAB1L ,3500,"0,64","5,6","2234,4",EUR ,3500,3500,Atsiskaitytas ,2018-03-27,[Peržiūrėti] [Sandorio patvirtinimo dokumentas]
18-03-23 13:46,Pirkimo sandoris , GZE1R ,20,"10,6",-- ,212,EUR ,75,75,Atsiskaitytas ,2018-03-27,[Peržiūrėti] [Sandorio patvirtinimo dokumentas]
18-03-23 13:29,Pardavimo sandoris , SAB1L ,2000,"0,638","3,19","1272,81",EUR ,2000,2000,Atsiskaitytas ,2018-03-27,[Peržiūrėti] [Sandorio patvirtinimo dokumentas]
18-03-23 13:24,Pirkimo sandoris , GZE1R ,35,"10,6",2,373,EUR ,75,75,Atsiskaitytas ,2018-03-27,[Peržiūrėti] [Sandorio patvirtinimo dokumentas]
18-03-23 11:35,Pirkimo sandoris , SAF1R ,145,"5,6","2,03","814,03",EUR ,145,145,Atsiskaitytas ,2018-03-27,[Peržiūrėti] [Sandorio patvirtinimo dokumentas]
18-03-23 11:12,Pirkimo sandoris , GRD1R ,90,"7,54",2,"680,6",EUR ,110,110,Atsiskaitytas ,2018-03-27,[Peržiūrėti] [Sandorio patvirtinimo dokumentas]
18-03-23 11:12,Pirkimo sandoris , GRD1R ,110,"7,56","2,08","833,68",EUR ,110,110,Atsiskaitytas ,2018-03-27,[Peržiūrėti] [Sandorio patvirtinimo dokumentas]
18-03-23 10:48,Pirkimo sandoris , GRD1R ,4,"7,62","0,08","30,56",EUR ,180,180,Atsiskaitytas ,2018-03-27,[Peržiūrėti] [Sandorio patvirtinimo dokumentas]
18-03-23 10:33,Pirkimo sandoris , GRD1R ,190,"7,64","3,63","1455,23",EUR ,190,190,Atsiskaitytas ,2018-03-27,[Peržiūrėti] [Sandorio patvirtinimo dokumentas]
18-03-23 10:33,Pirkimo sandoris , GRD1R ,4,"7,66","0,08","30,72",EUR ,155,155,Atsiskaitytas ,2018-03-27,[Peržiūrėti] [Sandorio patvirtinimo dokumentas]
18-03-23 10:33,Pirkimo sandoris , GRD1R ,176,"7,62","3,35","1344,47",EUR ,180,180,Atsiskaitytas ,2018-03-27,[Peržiūrėti] [Sandorio patvirtinimo dokumentas]
18-03-23 10:33,Pirkimo sandoris , GRD1R ,151,"7,66","2,89","1159,55",EUR ,155,155,Atsiskaitytas ,2018-03-27,[Peržiūrėti] [Sandorio patvirtinimo dokumentas]
18-03-23 10:21,Pardavimo sandoris , SAB1L ,1000,"0,636","1,59","634,41",EUR ,3000,3000,Atsiskaitytas ,2018-03-27,[Peržiūrėti] [Sandorio patvirtinimo dokumentas]
18-03-23 10:17,Pardavimo sandoris , SAB1L ,2000,"0,636","3,18","1268,82",EUR ,3000,3000,Atsiskaitytas ,2018-03-27,[Peržiūrėti] [Sandorio patvirtinimo dokumentas]
18-03-23 10:07,Pardavimo sandoris , GZE1R ,66,"10,8",2,"710,8",EUR ,115,115,Atsiskaitytas ,2018-03-27,[Peržiūrėti] [Sandorio patvirtinimo dokumentas]
18-03-23 10:00,Pirkimo sandoris , GRD1R ,223,"7,68","3,76","1716,4",EUR ,300,300,Atsiskaitytas ,2018-03-27,[Peržiūrėti] [Sandorio patvirtinimo dokumentas]
18-03-23 10:00,Pirkimo sandoris , GRD1R ,77,"7,68",2,"593,36",EUR ,300,300,Atsiskaitytas ,2018-03-27,[Peržiūrėti] [Sandorio patvirtinimo dokumentas]
18-03-23 10:00,Pirkimo sandoris , OLF1R ,200,"8,95","4,48","1794,48",EUR ,200,200,Atsiskaitytas ,2018-03-27,[Peržiūrėti] [Sandorio patvirtinimo dokumentas]
18-03-22 15:59,Pirkimo sandoris , OLF1R ,100,9,"2,25","902,25",EUR ,100,100,Atsiskaitytas ,2018-03-26,[Peržiūrėti] [Sandorio patvirtinimo dokumentas]
18-03-22 15:59,Pirkimo sandoris , GRD1R ,115,"7,7","2,21","887,71",EUR ,115,115,Atsiskaitytas ,2018-03-26,[Peržiūrėti] [Sandorio patvirtinimo dokumentas]
18-03-22 13:29,Pirkimo sandoris , GZE1R ,8,"10,5",2,86,EUR ,8,90,Atsiskaitytas ,2018-03-26,[Peržiūrėti] [Sandorio patvirtinimo dokumentas]
18-03-22 12:35,Pardavimo sandoris , GZE1R ,21,"10,8","0,57","226,23",EUR ,100,100,Atsiskaitytas ,2018-03-26,[Peržiūrėti] [Sandorio patvirtinimo dokumentas]
18-03-22 10:22,Pirkimo sandoris , SAF1R ,135,"5,55","0,01","749,26",EUR ,145,145,Atsiskaitytas ,2018-03-26,[Peržiūrėti] [Sandorio patvirtinimo dokumentas]
18-03-22 10:02,Pirkimo sandoris , OLF1R ,300,"9,05","6,79","2721,79",EUR ,300,300,Atsiskaitytas ,2018-03-26,[Peržiūrėti] [Sandorio patvirtinimo dokumentas]
18-03-22 10:00,Pirkimo sandoris , TEL1L ,2000,"1,11","5,55","2225,55",EUR ,2000,2000,Atsiskaitytas ,2018-03-26,[Peržiūrėti] [Sandorio patvirtinimo dokumentas]
18-03-22 10:00,Pirkimo sandoris , SAF1R ,10,"5,55",2,"57,5",EUR ,145,145,Atsiskaitytas ,2018-03-26,[Peržiūrėti] [Sandorio patvirtinimo dokumentas] 
18-03-21 11:24,Pirkimo sandoris , TAL1T ,813,"1,22","1,05","992,91",EUR ,1000,1000,Atsiskaitytas ,2018-03-23,[Peržiūrėti] [Sandorio patvirtinimo dokumentas]
18-03-21 10:40,Pirkimo sandoris , TAL1T ,187,"1,22",2,"230,14",EUR ,1000,1000,Atsiskaitytas ,2018-03-23,[Peržiūrėti] [Sandorio patvirtinimo dokumentas]
18-03-21 10:00,Pirkimo sandoris , GRD1R ,180,"7,68","3,46","1385,86",EUR ,180,180,Atsiskaitytas ,2018-03-23,[Peržiūrėti] [Sandorio patvirtinimo dokumentas]
18-03-21 10:00,Pirkimo sandoris , SAB1L ,6000,"0,626","9,39","3765,39",EUR ,6000,6000,Atsiskaitytas ,2018-03-23,[Peržiūrėti] [Sandorio patvirtinimo dokumentas]
18-03-21 10:00,Pirkimo sandoris , SAB1L ,300,"0,626","0,47","188,27",EUR ,2500,2500,Atsiskaitytas ,2018-03-23,[Peržiūrėti] [Sandorio patvirtinimo dokumentas]
18-03-21 10:00,Pirkimo sandoris , SAB1L ,2200,"0,626","3,44","1380,64",EUR ,2500,2500,Atsiskaitytas ,2018-03-23,[Peržiūrėti] [Sandorio patvirtinimo dokumentas]
18-03-20 12:19,Pardavimo sandoris , GZE1R ,46,"10,8","0,13","496,67",EUR ,100,100,Atsiskaitytas ,2018-03-22,[Peržiūrėti] [Sandorio patvirtinimo dokumentas]
18-03-20 10:46,Pardavimo sandoris , GZE1R ,33,"10,8",2,"354,4",EUR ,100,100,Atsiskaitytas ,2018-03-22,[Peržiūrėti] [Sandorio patvirtinimo dokumentas]
18-03-20 10:22,Pardavimo sandoris , GZE1R ,150,"10,8","4,05","1615,95",EUR ,150,150,Atsiskaitytas ,2018-03-22,[Peržiūrėti] [Sandorio patvirtinimo dokumentas]
18-03-19 15:46,Pirkimo sandoris , LGD1L ,1500,"0,69","2,59","1037,59",EUR ,1500,1500,Atsiskaitytas ,2018-03-21,[Peržiūrėti] [Sandorio patvirtinimo dokumentas]
18-03-19 12:08,Pirkimo sandoris , OLF1R ,100,"8,7","2,18","872,18",EUR ,100,100,Atsiskaitytas ,2018-03-21,[Peržiūrėti] [Sandorio patvirtinimo dokumentas]
18-03-19 11:35,Pirkimo sandoris , TAL1T ,40,"1,235","0,12","49,52",EUR ,900,900,Atsiskaitytas ,2018-03-21,[Peržiūrėti] [Sandorio patvirtinimo dokumentas]
18-03-19 11:15,Pirkimo sandoris , TAL1T ,860,"1,235","2,66","1064,76",EUR ,900,900,Atsiskaitytas ,2018-03-21,[Peržiūrėti] [Sandorio patvirtinimo dokumentas]
18-03-19 10:43,Pirkimo sandoris , OLF1R ,47,"8,8","0,53","414,13",EUR ,115,115,Atsiskaitytas ,2018-03-21,[Peržiūrėti] [Sandorio patvirtinimo dokumentas]
18-03-16 15:24,Pirkimo sandoris , OLF1R ,68,"8,8",2,"600,4",EUR ,115,115,Atsiskaitytas ,2018-03-20,[Peržiūrėti] [Sandorio patvirtinimo dokumentas]
18-03-16 15:19,Pirkimo sandoris , GRD1R ,115,"7,5","2,16","864,66",EUR ,115,115,Atsiskaitytas ,2018-03-20,[Peržiūrėti] [Sandorio patvirtinimo dokumentas]
18-03-16 11:50,Pirkimo sandoris , OLF1R ,10,"8,8","0,2","88,2",EUR ,100,100,Atsiskaitytas ,2018-03-20,[Peržiūrėti] [Sandorio patvirtinimo dokumentas]
18-03-16 10:34,Pirkimo sandoris , AMG1L ,534,"1,46",2,"781,64",EUR ,534,800,Atsiskaitytas ,2018-03-20,[Peržiūrėti] [Sandorio patvirtinimo dokumentas]
18-03-15 15:20,Pardavimo sandoris , GZE1R ,84,"10,7","0,68","898,12",EUR ,100,100,Atsiskaitytas ,2018-03-19,[Peržiūrėti] [Sandorio patvirtinimo dokumentas]
18-03-15 13:57,Pardavimo sandoris , GZE1R ,10,"10,7",-- ,107,EUR ,100,100,Atsiskaitytas ,2018-03-19,[Peržiūrėti] [Sandorio patvirtinimo dokumentas]
18-03-15 11:53,Pirkimo sandoris , GRD1R ,115,"7,46","2,14","860,04",EUR ,115,115,Atsiskaitytas ,2018-03-19,[Peržiūrėti] [Sandorio patvirtinimo dokumentas]
18-03-15 11:38,Pirkimo sandoris , IVL1L ,25,"5,15",-- ,"128,75",EUR ,30,175,Atsiskaitytas ,2018-03-19,[Peržiūrėti] [Sandorio patvirtinimo dokumentas]
18-03-15 10:27,Pardavimo sandoris , GZE1R ,5,"10,7",-- ,"53,5",EUR ,100,100,Atsiskaitytas ,2018-03-19,[Peržiūrėti] [Sandorio patvirtinimo dokumentas]
18-03-14 15:59,Pirkimo sandoris , IVL1L ,5,"5,15",2,"27,75",EUR ,30,175,Atsiskaitytas ,2018-03-16,[Peržiūrėti] [Sandorio patvirtinimo dokumentas]
18-03-14 10:57,Pirkimo sandoris , AUG1L ,1500,"0,545","2,04","819,54",EUR ,1500,1500,Atsiskaitytas ,2018-03-16,[Peržiūrėti] [Sandorio patvirtinimo dokumentas]
18-03-14 10:00,Pardavimo sandoris , GZE1R ,1,"10,7",2,"8,7",EUR ,100,100,Atsiskaitytas ,2018-03-16,[Peržiūrėti] [Sandorio patvirtinimo dokumentas]
18-03-13 14:39,Pirkimo sandoris , OLF1R ,2,"8,8",-- ,"17,6",EUR ,100,100,Atsiskaitytas ,2018-03-15,[Peržiūrėti] [Sandorio patvirtinimo dokumentas]
18-03-13 13:42,Pirkimo sandoris , OLF1R ,100,"8,9","2,23","892,23",EUR ,100,100,Atsiskaitytas ,2018-03-15,[Peržiūrėti] [Sandorio patvirtinimo dokumentas]
18-03-13 10:04,Pirkimo sandoris , ESO1L ,1000,"0,88","2,2","882,2",EUR ,1000,1000,Atsiskaitytas ,2018-03-15,[Peržiūrėti] [Sandorio patvirtinimo dokumentas]
18-03-12 15:44,Pirkimo sandoris , GZE1R ,100,"10,3","2,58","1032,58",EUR ,100,100,Atsiskaitytas ,2018-03-14,[Peržiūrėti] [Sandorio patvirtinimo dokumentas]
18-03-12 13:03,Pirkimo sandoris , OLF1R ,88,"8,8",2,"776,4",EUR ,100,100,Atsiskaitytas ,2018-03-14,[Peržiūrėti] [Sandorio patvirtinimo dokumentas]
18-03-08 15:50,Pirkimo sandoris , GRD1R ,91,"7,42","0,13","675,35",EUR ,115,115,Atsiskaitytas ,2018-03-12,[Peržiūrėti] [Sandorio patvirtinimo dokumentas]
18-03-08 10:00,Pardavimo sandoris , GZE1R ,95,"10,8","2,57","1023,43",EUR ,95,95,Atsiskaitytas ,2018-03-12,[Peržiūrėti] [Sandorio patvirtinimo dokumentas]
18-03-07 15:29,Pirkimo sandoris , TAL1T ,800,"1,23","2,46","986,46",EUR ,800,800,Atsiskaitytas ,2018-03-09,[Peržiūrėti] [Sandorio patvirtinimo dokumentas]
18-03-07 14:50,Pirkimo sandoris , GRD1R ,12,"7,42",-- ,"89,04",EUR ,115,115,Atsiskaitytas ,2018-03-09,[Peržiūrėti] [Sandorio patvirtinimo dokumentas]
18-03-07 13:15,Pirkimo sandoris , GRD1R ,12,"7,42",2,"91,04",EUR ,115,115,Atsiskaitytas ,2018-03-09,[Peržiūrėti] [Sandorio patvirtinimo dokumentas]
18-03-07 11:01,Pirkimo sandoris , OLF1R ,40,"8,7","0,18","348,18",EUR ,100,100,Atsiskaitytas ,2018-03-09,[Peržiūrėti] [Sandorio patvirtinimo dokumentas]
18-03-06 15:59,Pirkimo sandoris , OLF1R ,60,"8,7",2,524,EUR ,100,100,Atsiskaitytas ,2018-03-08,[Peržiūrėti] [Sandorio patvirtinimo dokumentas]
18-03-05 14:09,Pardavimo sandoris , GZE1R ,10,"10,7",-- ,107,EUR ,32,75,Atsiskaitytas ,2018-03-07,[Peržiūrėti] [Sandorio patvirtinimo dokumentas]
18-03-05 10:16,Pirkimo sandoris , OLF1R ,90,"8,65","1,24","779,74",EUR ,150,150,Atsiskaitytas ,2018-03-07,[Peržiūrėti] [Sandorio patvirtinimo dokumentas]
18-03-05 10:16,Pirkimo sandoris , OLF1R ,95,"8,7","2,07","828,57",EUR ,95,95,Atsiskaitytas ,2018-03-07,[Peržiūrėti] [Sandorio patvirtinimo dokumentas]
18-03-05 10:00,Pardavimo sandoris , GZE1R ,22,"10,7",2,"233,4",EUR ,32,75,Atsiskaitytas ,2018-03-07,[Peržiūrėti] [Sandorio patvirtinimo dokumentas]
18-03-05 10:00,Pirkimo sandoris , OLF1R ,39,"8,75",2,"343,25",EUR ,39,98,Atsiskaitytas ,2018-03-07,[Peržiūrėti] [Sandorio patvirtinimo dokumentas]
18-03-02 10:00,Pirkimo sandoris , TAL1T ,2500,"1,24","7,75","3107,75",EUR ,2500,2500,Atsiskaitytas ,2018-03-06,[Peržiūrėti] [Sandorio patvirtinimo dokumentas]
18-03-01 15:25,Pirkimo sandoris , VSS1R ,421,"3,48","3,66","1468,74",EUR ,421,1500,Atsiskaitytas ,2018-03-05,[Peržiūrėti] [Sandorio patvirtinimo dokumentas]
18-03-01 12:59,Pirkimo sandoris , VSS1R ,152,"3,48","1,32","530,28",EUR ,600,600,Atsiskaitytas ,2018-03-05,[Peržiūrėti] [Sandorio patvirtinimo dokumentas]
18-03-01 12:02,Pardavimo sandoris , AUG1L ,1400,"0,585","0,78","818,22",EUR ,1900,1900,Atsiskaitytas ,2018-03-05,[Peržiūrėti] [Sandorio patvirtinimo dokumentas]
18-03-01 12:01,Pardavimo sandoris , AUG1L ,500,"0,58","0,18","289,82",EUR ,1500,1500,Atsiskaitytas ,2018-03-05,[Peržiūrėti] [Sandorio patvirtinimo dokumentas]
18-03-01 12:01,Pardavimo sandoris , AUG1L ,1000,"0,58",2,578,EUR ,1500,1500,Atsiskaitytas ,2018-03-05,[Peržiūrėti] [Sandorio patvirtinimo dokumentas]
18-03-01 12:01,Pardavimo sandoris , AUG1L ,500,"0,575",-- ,"287,5",EUR ,1100,1100,Atsiskaitytas ,2018-03-05,[Peržiūrėti] [Sandorio patvirtinimo dokumentas]
18-03-01 11:52,Pardavimo sandoris , AUG1L ,600,"0,575",2,343,EUR ,1100,1100,Atsiskaitytas ,2018-03-05,[Peržiūrėti] [Sandorio patvirtinimo dokumentas]
18-03-01 11:31,Pirkimo sandoris , GZE1R ,300,"10,5","7,88","3157,88",EUR ,300,300,Atsiskaitytas ,2018-03-05,[Peržiūrėti] [Sandorio patvirtinimo dokumentas]
18-03-01 10:54,Pardavimo sandoris , AUG1L ,1900,"0,57","2,71","1080,29",EUR ,1900,1900,Atsiskaitytas ,2018-03-05,[Peržiūrėti] [Sandorio patvirtinimo dokumentas]
18-03-01 10:45,Pardavimo sandoris , AUG1L ,1600,"0,565","2,26","901,74",EUR ,1600,1600,Atsiskaitytas ,2018-03-05,[Peržiūrėti] [Sandorio patvirtinimo dokumentas]
18-03-01 10:24,Pirkimo sandoris , OLF1R ,60,"8,65",2,521,EUR ,150,150,Atsiskaitytas ,2018-03-05,[Peržiūrėti] [Sandorio patvirtinimo dokumentas]
18-03-01 10:00,Pirkimo sandoris , OLF1R ,450,"8,6","9,68","3879,68",EUR ,450,450,Atsiskaitytas ,2018-03-05,[Peržiūrėti] [Sandorio patvirtinimo dokumentas]
18-02-28 11:17,Pardavimo sandoris , GRD1R ,150,"7,78","1,89","1165,11",EUR ,200,200,Atsiskaitytas ,2018-03-02,[Peržiūrėti] [Sandorio patvirtinimo dokumentas]
18-02-28 11:09,Pardavimo sandoris , GRD1R ,50,"7,78",2,387,EUR ,200,200,Atsiskaitytas ,2018-03-02,[Peržiūrėti] [Sandorio patvirtinimo dokumentas]
18-02-27 14:20,Pardavimo sandoris , GRD1R ,190,"7,3","3,47","1383,53",EUR ,190,190,Atsiskaitytas ,2018-03-01,[Peržiūrėti] [Sandorio patvirtinimo dokumentas]
18-02-27 13:17,Pirkimo sandoris , VSS1R ,448,"3,48","3,9","1562,94",EUR ,600,600,Atsiskaitytas ,2018-03-01,[Peržiūrėti] [Sandorio patvirtinimo dokumentas]
18-02-27 13:14,Pirkimo sandoris , VSS1R ,340,"3,48","2,96","1186,16",EUR ,340,340,Atsiskaitytas ,2018-03-01,[Peržiūrėti] [Sandorio patvirtinimo dokumentas]
18-02-26 15:59,Pardavimo sandoris , GRD1R ,110,"7,3","2,01","800,99",EUR ,110,110,Atsiskaitytas ,2018-02-28,[Peržiūrėti] [Sandorio patvirtinimo dokumentas]
18-02-26 15:18,Pardavimo sandoris , LGD1L ,1000,"0,705",-- ,705,EUR ,1090,1650,Atsiskaitytas ,2018-02-28,[Peržiūrėti] [Sandorio patvirtinimo dokumentas]
18-02-26 13:12,Pardavimo sandoris , GRD1R ,50,"7,4",2,368,EUR ,50,120,Atsiskaitytas ,2018-02-28,[Peržiūrėti] [Sandorio patvirtinimo dokumentas]
18-02-26 12:49,Pirkimo sandoris , VSS1R ,900,"3,48","7,83","3139,83",EUR ,900,900,Atsiskaitytas ,2018-02-28,[Peržiūrėti] [Sandorio patvirtinimo dokumentas]
18-02-26 12:33,Pardavimo sandoris , GRD1R ,221,"7,3","4,03","1609,27",EUR ,221,221,Atsiskaitytas ,2018-02-28,[Peržiūrėti] [Sandorio patvirtinimo dokumentas]
18-02-26 12:21,Pardavimo sandoris , GRD1R ,28,"7,28","0,51","203,33",EUR ,188,188,Atsiskaitytas ,2018-02-28,[Peržiūrėti] [Sandorio patvirtinimo dokumentas]
18-02-26 12:17,Pardavimo sandoris , GRD1R ,188,"7,26","3,41","1361,47",EUR ,188,188,Atsiskaitytas ,2018-02-28,[Peržiūrėti] [Sandorio patvirtinimo dokumentas]
18-02-26 11:59,Pardavimo sandoris , GRD1R ,188,"7,26","3,41","1361,47",EUR ,188,188,Atsiskaitytas ,2018-02-28,[Peržiūrėti] [Sandorio patvirtinimo dokumentas]
18-02-26 11:03,Pardavimo sandoris , GRD1R ,160,"7,28","2,91","1161,89",EUR ,188,188,Atsiskaitytas ,2018-02-28,[Peržiūrėti] [Sandorio patvirtinimo dokumentas]
18-02-23 14:37,Pardavimo sandoris , AUG1L ,500,"0,585",2,"290,5",EUR ,1900,1900,Atsiskaitytas ,2018-02-27,[Peržiūrėti] [Sandorio patvirtinimo dokumentas]
18-02-23 11:48,Pirkimo sandoris , AMG1L ,215,"1,46","0,19","314,09",EUR ,600,600,Atsiskaitytas ,2018-02-27,[Peržiūrėti] [Sandorio patvirtinimo dokumentas]
18-02-23 10:00,Pirkimo sandoris , LNR1L ,2500,"0,6","3,75","1503,75",EUR ,2500,2500,Atsiskaitytas ,2018-02-27,[Peržiūrėti] [Sandorio patvirtinimo dokumentas]
18-02-22 14:18,Pardavimo sandoris , GRD1R ,150,"7,2","2,7","1077,3",EUR ,150,150,Atsiskaitytas ,2018-02-26,[Peržiūrėti] [Sandorio patvirtinimo dokumentas]
18-02-21 14:52,Pirkimo sandoris , VSS1R ,230,"3,52","2,02","811,62",EUR ,230,230,Atsiskaitytas ,2018-02-23,[Peržiūrėti] [Sandorio patvirtinimo dokumentas]
18-02-21 14:52,Pirkimo sandoris , VSS1R ,525,"3,48","4,57","1831,57",EUR ,1000,1000,Atsiskaitytas ,2018-02-23,[Peržiūrėti] [Sandorio patvirtinimo dokumentas]
18-02-21 10:12,Pardavimo sandoris , AUG1L ,5133,"0,58","7,44","2969,7",EUR ,5133,5133,Atsiskaitytas ,2018-02-23,[Peržiūrėti] [Sandorio patvirtinimo dokumentas]
18-02-20 14:22,Pardavimo sandoris , GRD1R ,50,"7,34",-- ,367,EUR ,78,195,Atsiskaitytas ,2018-02-22,[Peržiūrėti] [Sandorio patvirtinimo dokumentas]
18-02-20 13:39,Pardavimo sandoris , GZE1R ,12,"10,4",2,"122,8",EUR ,12,95,Atsiskaitytas ,2018-02-22,[Peržiūrėti] [Sandorio patvirtinimo dokumentas]
18-02-20 12:07,Pirkimo sandoris , TAL1T ,11,"1,175","0,04","12,96",EUR ,700,700,Atsiskaitytas ,2018-02-22,[Peržiūrėti] [Sandorio patvirtinimo dokumentas]
18-02-20 10:21,Pirkimo sandoris , TAL1T ,489,"1,175","0,02","574,6",EUR ,700,700,Atsiskaitytas ,2018-02-22,[Peržiūrėti] [Sandorio patvirtinimo dokumentas]
18-02-20 10:00,Pirkimo sandoris , VSS1R ,255,"3,52","2,24","899,84",EUR ,255,255,Atsiskaitytas ,2018-02-22,[Peržiūrėti] [Sandorio patvirtinimo dokumentas]
18-02-20 10:00,Pirkimo sandoris , TAL1T ,200,"1,175",2,237,EUR ,700,700,Atsiskaitytas ,2018-02-22,[Peržiūrėti] [Sandorio patvirtinimo dokumentas]
18-02-19 15:01,Pardavimo sandoris , GRD1R ,5,"7,34",-- ,"36,7",EUR ,78,195,Atsiskaitytas ,2018-02-21,[Peržiūrėti] [Sandorio patvirtinimo dokumentas]
18-02-19 14:44,Pardavimo sandoris , GRD1R ,23,"7,34",2,"166,82",EUR ,78,195,Atsiskaitytas ,2018-02-21,[Peržiūrėti] [Sandorio patvirtinimo dokumentas]
18-02-19 13:10,Pardavimo sandoris , AUG1L ,500,"0,595",-- ,"297,5",EUR ,1000,1900,Atsiskaitytas ,2018-02-21,[Peržiūrėti] [Sandorio patvirtinimo dokumentas]
18-02-19 12:37,Pirkimo sandoris , GRD1R ,53,"7,2",2,"383,6",EUR ,53,115,Atsiskaitytas ,2018-02-21,[Peržiūrėti] [Sandorio patvirtinimo dokumentas]
18-02-19 12:29,Pardavimo sandoris , ZMP1L ,41,"1,66",-- ,"68,06",EUR ,61,61,Atsiskaitytas ,2018-02-21,[Peržiūrėti] [Sandorio patvirtinimo dokumentas]
18-02-19 12:29,Pardavimo sandoris , ZMP1L ,20,"1,67",2,"31,4",EUR ,61,61,Atsiskaitytas ,2018-02-21,[Peržiūrėti] [Sandorio patvirtinimo dokumentas]
18-02-19 11:31,Pardavimo sandoris , VSS1R ,123,"3,62",2,"443,26",EUR ,123,195,Atsiskaitytas ,2018-02-21,[Peržiūrėti] [Sandorio patvirtinimo dokumentas]
18-02-19 11:31,Pardavimo sandoris , VSS1R ,280,"3,6","2,52","1005,48",EUR ,280,280,Atsiskaitytas ,2018-02-21,[Peržiūrėti] [Sandorio patvirtinimo dokumentas]
18-02-19 11:21,Pirkimo sandoris , AMG1L ,385,"1,46",2,"564,1",EUR ,600,600,Atsiskaitytas ,2018-02-21,[Peržiūrėti] [Sandorio patvirtinimo dokumentas]
18-02-19 10:26,Pardavimo sandoris , VSS1R ,295,"3,58","2,64","1053,46",EUR ,295,295,Atsiskaitytas ,2018-02-21,[Peržiūrėti] [Sandorio patvirtinimo dokumentas]
18-02-16 12:01,Pardavimo sandoris , VSS1R ,151,"3,56","0,14","537,42",EUR ,240,240,Atsiskaitytas ,2018-02-20,[Peržiūrėti] [Sandorio patvirtinimo dokumentas]
18-02-15 15:41,Pardavimo sandoris , AUG1L ,500,"0,595",2,"295,5",EUR ,1000,1900,Atsiskaitytas ,2018-02-19,[Peržiūrėti] [Sandorio patvirtinimo dokumentas]
18-02-14 15:23,Pardavimo sandoris , LGD1L ,90,"0,705",2,"61,45",EUR ,1090,1650,Atsiskaitytas ,2018-02-16,[Peržiūrėti] [Sandorio patvirtinimo dokumentas]
18-02-14 14:13,Pardavimo sandoris , GZE1R ,70,"10,3","0,32","720,68",EUR ,90,90,Atsiskaitytas ,2018-02-16,[Peržiūrėti] [Sandorio patvirtinimo dokumentas]
18-02-14 14:13,Pardavimo sandoris , GZE1R ,10,"10,2","0,26","101,74",EUR ,110,110,Atsiskaitytas ,2018-02-16,[Peržiūrėti] [Sandorio patvirtinimo dokumentas]
18-02-14 14:13,Pardavimo sandoris , GZE1R ,90,"10,4","2,34","933,66",EUR ,90,90,Atsiskaitytas ,2018-02-16,[Peržiūrėti] [Sandorio patvirtinimo dokumentas]
18-02-14 14:13,Pardavimo sandoris , GZE1R ,42,"10,4","1,09","435,71",EUR ,180,180,Atsiskaitytas ,2018-02-16,[Peržiūrėti] [Sandorio patvirtinimo dokumentas] 
18-02-14 11:13,Pardavimo sandoris , TAL1T ,1000,"1,175","2,93","1172,07",EUR ,1700,1700,Atsiskaitytas ,2018-02-16,[Peržiūrėti] [Sandorio patvirtinimo dokumentas]
18-02-14 11:00,Pardavimo sandoris , TAL1T ,700,"1,175","2,06","820,44",EUR ,1700,1700,Atsiskaitytas ,2018-02-16,[Peržiūrėti] [Sandorio patvirtinimo dokumentas]
18-02-13 12:42,Pardavimo sandoris , AUG1L ,100,"0,59","0,15","58,85",EUR ,2100,2100,Atsiskaitytas ,2018-02-15,[Peržiūrėti] [Sandorio patvirtinimo dokumentas]
18-02-13 11:47,Pardavimo sandoris , AUG1L ,2000,"0,59","2,95","1177,05",EUR ,2100,2100,Atsiskaitytas ,2018-02-15,[Peržiūrėti] [Sandorio patvirtinimo dokumentas]
18-02-13 11:46,Pardavimo sandoris , VSS1R ,89,"3,56",2,"314,84",EUR ,240,240,Atsiskaitytas ,2018-02-15,[Peržiūrėti] [Sandorio patvirtinimo dokumentas]
18-02-13 10:53,Pirkimo sandoris , VSS1R ,375,"3,48","2,13","1307,13",EUR ,1000,1000,Atsiskaitytas ,2018-02-15,[Peržiūrėti] [Sandorio patvirtinimo dokumentas]
18-02-13 10:42,Pardavimo sandoris , TAL1T ,1010,"1,175","2,97","1183,78",EUR ,1010,1050,Atsiskaitytas ,2018-02-15,[Peržiūrėti] [Sandorio patvirtinimo dokumentas]
18-02-13 10:34,Pardavimo sandoris , TAL1T ,990,"1,17","2,89","1155,41",EUR ,8100,8100,Atsiskaitytas ,2018-02-15,[Peržiūrėti] [Sandorio patvirtinimo dokumentas]
18-02-13 10:34,Pardavimo sandoris , TAL1T ,600,"1,17","1,76","700,24",EUR ,8100,8100,Atsiskaitytas ,2018-02-15,[Peržiūrėti] [Sandorio patvirtinimo dokumentas]
18-02-13 10:34,Pardavimo sandoris , TAL1T ,5000,"1,17","14,62","5835,38",EUR ,8100,8100,Atsiskaitytas ,2018-02-15,[Peržiūrėti] [Sandorio patvirtinimo dokumentas]
18-02-13 10:34,Pardavimo sandoris , TAL1T ,1510,"1,17","4,42","1762,28",EUR ,8100,8100,Atsiskaitytas ,2018-02-15,[Peržiūrėti] [Sandorio patvirtinimo dokumentas]
18-02-13 10:00,Pardavimo sandoris , AUG1L ,970,"0,595","0,68","576,47",EUR ,1800,1800,Atsiskaitytas ,2018-02-15,[Peržiūrėti] [Sandorio patvirtinimo dokumentas]
18-02-12 13:22,Pardavimo sandoris , AUG1L ,800,"0,595",-- ,476,EUR ,1800,1800,Atsiskaitytas ,2018-02-14,[Peržiūrėti] [Sandorio patvirtinimo dokumentas]
18-02-12 12:46,Pardavimo sandoris , AUG1L ,30,"0,595",2,"15,85",EUR ,1800,1800,Atsiskaitytas ,2018-02-14,[Peržiūrėti] [Sandorio patvirtinimo dokumentas]
18-02-09 10:33,Pardavimo sandoris , AUG1L ,136,"0,595","0,2","80,72",EUR ,1500,1500,Atsiskaitytas ,2018-02-13,[Peržiūrėti] [Sandorio patvirtinimo dokumentas]
18-02-09 10:32,Pardavimo sandoris , AUG1L ,1364,"0,595","2,03","809,55",EUR ,1500,1500,Atsiskaitytas ,2018-02-13,[Peržiūrėti] [Sandorio patvirtinimo dokumentas]
18-02-09 10:08,Pirkimo sandoris , TAL1T ,2000,"1,205","6,03","2416,03",EUR ,2000,2000,Atsiskaitytas ,2018-02-13,[Peržiūrėti] [Sandorio patvirtinimo dokumentas]
18-02-09 10:03,Pardavimo sandoris , GZE1R ,100,"10,2","2,55","1017,45",EUR ,110,110,Atsiskaitytas ,2018-02-13,[Peržiūrėti] [Sandorio patvirtinimo dokumentas]
18-02-09 10:00,Pirkimo sandoris , AMG1L ,900,"1,48","3,33","1335,33",EUR ,900,900,Atsiskaitytas ,2018-02-13,[Peržiūrėti] [Sandorio patvirtinimo dokumentas]
18-02-09 10:00,Pardavimo sandoris , GZE1R ,8,"10,3",-- ,"82,4",EUR ,90,90,Atsiskaitytas ,2018-02-13,[Peržiūrėti] [Sandorio patvirtinimo dokumentas]
18-02-08 15:54,Pardavimo sandoris , AUG1L ,1800,"0,59","0,95","1061,05",EUR ,2000,2000,Atsiskaitytas ,2018-02-12,[Peržiūrėti] [Sandorio patvirtinimo dokumentas]
18-02-08 15:52,Pardavimo sandoris , GZE1R ,55,"10,2","0,81","560,19",EUR ,110,110,Atsiskaitytas ,2018-02-12,[Peržiūrėti] [Sandorio patvirtinimo dokumentas]
18-02-08 15:52,Pardavimo sandoris , GZE1R ,55,"10,2",2,559,EUR ,110,110,Atsiskaitytas ,2018-02-12,[Peržiūrėti] [Sandorio patvirtinimo dokumentas]
18-02-08 15:29,Pardavimo sandoris , RKB1R ,1420,"0,22",-- ,"312,4",EUR ,1650,1650,Atsiskaitytas ,2018-02-12,[Peržiūrėti] [Sandorio patvirtinimo dokumentas]
18-02-08 14:45,Pardavimo sandoris , RKB1R ,230,"0,22",2,"48,6",EUR ,1650,1650,Atsiskaitytas ,2018-02-12,[Peržiūrėti] [Sandorio patvirtinimo dokumentas]
18-02-08 14:39,Pardavimo sandoris , RKB1R ,2900,"0,216",2,"624,4",EUR ,2900,2900,Atsiskaitytas ,2018-02-12,[Peržiūrėti] [Sandorio patvirtinimo dokumentas]
18-02-08 14:27,Pardavimo sandoris , LGD1L ,1500,"0,705","2,64","1054,86",EUR ,1500,1500,Atsiskaitytas ,2018-02-12,[Peržiūrėti] [Sandorio patvirtinimo dokumentas]
18-02-08 13:53,Pardavimo sandoris , IVL1L ,104,"5,2",2,"538,8",EUR ,104,104,Atsiskaitytas ,2018-02-12,[Peržiūrėti] [Sandorio patvirtinimo dokumentas]
18-02-08 13:30,Pardavimo sandoris , RKB1R ,2900,"0,22",2,636,EUR ,2900,2900,Atsiskaitytas ,2018-02-12,[Peržiūrėti] [Sandorio patvirtinimo dokumentas]
18-02-08 12:38,Pardavimo sandoris , RKB1R ,2900,"0,216",2,"624,4",EUR ,2900,2900,Atsiskaitytas ,2018-02-12,[Peržiūrėti] [Sandorio patvirtinimo dokumentas]
18-02-08 12:26,Pardavimo sandoris , RKB1R ,994,"0,212","0,53","210,2",EUR ,7000,7000,Atsiskaitytas ,2018-02-12,[Peržiūrėti] [Sandorio patvirtinimo dokumentas]
18-02-08 12:24,Pardavimo sandoris , RKB1R ,5000,"0,212","1,18","1058,82",EUR ,7000,7000,Atsiskaitytas ,2018-02-12,[Peržiūrėti] [Sandorio patvirtinimo dokumentas]
18-02-08 12:24,Pardavimo sandoris , RKB1R ,1006,"0,212",2,"211,27",EUR ,7000,7000,Atsiskaitytas ,2018-02-12,[Peržiūrėti] [Sandorio patvirtinimo dokumentas]
18-02-08 11:06,Pardavimo sandoris , GRD1R ,110,"7,3","2,01","800,99",EUR ,110,110,Atsiskaitytas ,2018-02-12,[Peržiūrėti] [Sandorio patvirtinimo dokumentas]
18-02-08 10:46,Pardavimo sandoris , GZE1R ,12,"10,3",2,"121,6",EUR ,90,90,Atsiskaitytas ,2018-02-12,[Peržiūrėti] [Sandorio patvirtinimo dokumentas]
18-02-08 10:09,Pirkimo sandoris , VSS1R ,100,"3,48",2,350,EUR ,1000,1000,Atsiskaitytas ,2018-02-12,[Peržiūrėti] [Sandorio patvirtinimo dokumentas]
18-02-08 10:00,Pardavimo sandoris , RKB1R ,3000,"0,222","0,23","665,77",EUR ,4000,4000,Atsiskaitytas ,2018-02-12,[Peržiūrėti] [Sandorio patvirtinimo dokumentas]
18-02-08 10:00,Pardavimo sandoris , RKB1R ,1000,"0,226",2,224,EUR ,4000,4000,Atsiskaitytas ,2018-02-12,[Peržiūrėti] [Sandorio patvirtinimo dokumentas]
18-02-07 15:59,Pirkimo sandoris , GRD1R ,240,"7,26","4,36","1746,76",EUR ,240,240,Atsiskaitytas ,2018-02-09,[Peržiūrėti] [Sandorio patvirtinimo dokumentas]
18-02-07 10:08,Pirkimo sandoris , TAL1T ,1650,"1,21","4,99","2001,49",EUR ,1650,1650,Atsiskaitytas ,2018-02-09,[Peržiūrėti] [Sandorio patvirtinimo dokumentas]
18-02-07 10:07,Pardavimo sandoris , GZE1R ,5,"10,3","0,13","51,37",EUR ,90,90,Atsiskaitytas ,2018-02-09,[Peržiūrėti] [Sandorio patvirtinimo dokumentas]
18-02-07 10:06,Pardavimo sandoris , AUG1L ,3322,"0,585","4,86","1938,51",EUR ,3322,3355,Atsiskaitytas ,2018-02-09,[Peržiūrėti] [Sandorio patvirtinimo dokumentas]
18-02-07 10:05,Pardavimo sandoris , LHV1T ,100,"11,3","2,83","1127,17",EUR ,100,100,Atsiskaitytas ,2018-02-09,[Peržiūrėti] [Sandorio patvirtinimo dokumentas]
18-02-06 15:53,Pirkimo sandoris , AUG1L ,1500,"0,555","2,08","834,58",EUR ,1500,1500,Atsiskaitytas ,2018-02-08,[Peržiūrėti] [Sandorio patvirtinimo dokumentas]
18-02-06 15:36,Pirkimo sandoris , GRD1R ,150,"7,14","2,68","1073,68",EUR ,150,150,Atsiskaitytas ,2018-02-08,[Peržiūrėti] [Sandorio patvirtinimo dokumentas]
18-02-06 12:05,Pirkimo sandoris , AUG1L ,1500,"0,55","2,06","827,06",EUR ,1500,1500,Atsiskaitytas ,2018-02-08,[Peržiūrėti] [Sandorio patvirtinimo dokumentas]
18-02-06 10:57,Pirkimo sandoris , LGD1L ,1071,"0,69",-- ,"738,99",EUR ,1150,1150,Atsiskaitytas ,2018-02-08,[Peržiūrėti] [Sandorio patvirtinimo dokumentas]
18-02-06 10:56,Pirkimo sandoris , LGD1L ,79,"0,69",2,"56,51",EUR ,1150,1150,Atsiskaitytas ,2018-02-08,[Peržiūrėti] [Sandorio patvirtinimo dokumentas]
18-02-06 10:56,Pirkimo sandoris , GRD1R ,150,"7,04","2,64","1058,64",EUR ,150,150,Atsiskaitytas ,2018-02-08,[Peržiūrėti] [Sandorio patvirtinimo dokumentas]
18-02-06 10:50,Pirkimo sandoris , TAL1T ,700,"1,2","2,1","842,1",EUR ,700,700,Atsiskaitytas ,2018-02-08,[Peržiūrėti] [Sandorio patvirtinimo dokumentas]
18-02-06 10:35,Pirkimo sandoris , GRD1R ,50,"7,06","0,65","353,65",EUR ,150,150,Atsiskaitytas ,2018-02-08,[Peržiūrėti] [Sandorio patvirtinimo dokumentas]
18-02-06 10:33,Pirkimo sandoris , AUG1L ,712,"0,54",2,"386,48",EUR ,712,1550,Atsiskaitytas ,2018-02-08,[Peržiūrėti] [Sandorio patvirtinimo dokumentas]
18-02-06 10:30,Pirkimo sandoris , GRD1R ,100,"7,06",2,708,EUR ,150,150,Atsiskaitytas ,2018-02-08,[Peržiūrėti] [Sandorio patvirtinimo dokumentas]
18-02-06 10:25,Pirkimo sandoris , AUG1L ,288,"0,55",-- ,"158,4",EUR ,1450,1450,Atsiskaitytas ,2018-02-08,[Peržiūrėti] [Sandorio patvirtinimo dokumentas]
18-02-06 10:25,Pirkimo sandoris , AUG1L ,1162,"0,55",2,"641,1",EUR ,1450,1450,Atsiskaitytas ,2018-02-08,[Peržiūrėti] [Sandorio patvirtinimo dokumentas]
18-02-06 10:05,Pardavimo sandoris , AMG1L ,899,"1,48","3,33","1327,19",EUR ,899,900,Atsiskaitytas ,2018-02-08,[Peržiūrėti] [Sandorio patvirtinimo dokumentas]
18-02-06 10:00,Pardavimo sandoris , AUG1L ,4871,"0,585","7,12","2842,42",EUR ,16000,16000,Atsiskaitytas ,2018-02-08,[Peržiūrėti] [Sandorio patvirtinimo dokumentas]
18-02-06 10:00,Pardavimo sandoris , AUG1L ,4000,"0,585","5,85","2334,15",EUR ,16000,16000,Atsiskaitytas ,2018-02-08,[Peržiūrėti] [Sandorio patvirtinimo dokumentas]
18-02-06 10:00,Pardavimo sandoris , AUG1L ,5129,"0,585","7,5","2992,97",EUR ,16000,16000,Atsiskaitytas ,2018-02-08,[Peržiūrėti] [Sandorio patvirtinimo dokumentas]
18-02-06 10:00,Pardavimo sandoris , AUG1L ,2000,"0,585","2,93","1167,07",EUR ,16000,16000,Atsiskaitytas ,2018-02-08,[Peržiūrėti] [Sandorio patvirtinimo dokumentas]
18-02-06 10:00,Pardavimo sandoris , GZE1R ,200,"10,2","5,1","2034,9",EUR ,200,500,Atsiskaitytas ,2018-02-08,[Peržiūrėti] [Sandorio patvirtinimo dokumentas]
18-02-06 10:00,Pardavimo sandoris , GZE1R ,85,"10,3","2,19","873,31",EUR ,90,90,Atsiskaitytas ,2018-02-08,[Peržiūrėti] [Sandorio patvirtinimo dokumentas]
18-02-05 14:23,Pardavimo sandoris , SAF1R ,135,"6,95","0,61","937,64",EUR ,150,150,Atsiskaitytas ,2018-02-07,[Peržiūrėti] [Sandorio patvirtinimo dokumentas]
18-02-05 14:03,Pardavimo sandoris , SAF1R ,106,"6,9","0,28","731,12",EUR ,132,132,Atsiskaitytas ,2018-02-07,[Peržiūrėti] [Sandorio patvirtinimo dokumentas]
18-02-05 14:03,Pardavimo sandoris , SAF1R ,26,"6,9",2,"177,4",EUR ,132,132,Atsiskaitytas ,2018-02-07,[Peržiūrėti] [Sandorio patvirtinimo dokumentas]
18-02-05 13:25,Pardavimo sandoris , AUG1L ,200,"0,59",2,116,EUR ,2000,2000,Atsiskaitytas ,2018-02-07,[Peržiūrėti] [Sandorio patvirtinimo dokumentas]
18-02-05 13:14,Pardavimo sandoris , AUG1L ,1800,"0,59","2,66","1059,34",EUR ,1800,1800,Atsiskaitytas ,2018-02-07,[Peržiūrėti] [Sandorio patvirtinimo dokumentas]
18-02-05 12:41,Pardavimo sandoris , SAF1R ,15,"6,95",2,"102,25",EUR ,150,150,Atsiskaitytas ,2018-02-07,[Peržiūrėti] [Sandorio patvirtinimo dokumentas]
18-02-05 12:15,Pardavimo sandoris , AUG1L ,1800,"0,59","2,66","1059,34",EUR ,1800,1800,Atsiskaitytas ,2018-02-07,[Peržiūrėti] [Sandorio patvirtinimo dokumentas]
18-02-05 11:19,Pardavimo sandoris , GZE1R ,138,"10,4","3,59","1431,61",EUR ,180,180,Atsiskaitytas ,2018-02-07,[Peržiūrėti] [Sandorio patvirtinimo dokumentas]
18-02-05 10:48,Pardavimo sandoris , GZE1R ,33,"10,3","0,06","339,84",EUR ,80,80,Atsiskaitytas ,2018-02-07,[Peržiūrėti] [Sandorio patvirtinimo dokumentas]
18-02-05 10:37,Pirkimo sandoris , AUG1L ,1500,"0,59","2,21","887,21",EUR ,1500,1500,Atsiskaitytas ,2018-02-07,[Peržiūrėti] [Sandorio patvirtinimo dokumentas]
18-02-05 10:10,Pirkimo sandoris , GRD1R ,240,"7,56","4,54","1818,94",EUR ,240,240,Atsiskaitytas ,2018-02-07,[Peržiūrėti] [Sandorio patvirtinimo dokumentas]
18-02-05 10:00,Pirkimo sandoris , GRD1R ,145,"7,58","2,75","1101,85",EUR ,145,145,Atsiskaitytas ,2018-02-07,[Peržiūrėti] [Sandorio patvirtinimo dokumentas]
18-02-02 15:51,Pardavimo sandoris , GZE1R ,30,"10,3",-- ,309,EUR ,80,80,Atsiskaitytas ,2018-02-06,[Peržiūrėti] [Sandorio patvirtinimo dokumentas]
18-02-02 15:26,Pardavimo sandoris , GZE1R ,15,"10,3",-- ,"154,5",EUR ,80,80,Atsiskaitytas ,2018-02-06,[Peržiūrėti] [Sandorio patvirtinimo dokumentas]
18-02-02 15:26,Pardavimo sandoris , GZE1R ,2,"10,3",2,"18,6",EUR ,80,80,Atsiskaitytas ,2018-02-06,[Peržiūrėti] [Sandorio patvirtinimo dokumentas]
18-02-02 14:29,Pirkimo sandoris , LHV1T ,100,"11,3","2,83","1132,83",EUR ,100,100,Atsiskaitytas ,2018-02-06,[Peržiūrėti] [Sandorio patvirtinimo dokumentas]
18-02-02 13:45,Pardavimo sandoris , VSS1R ,271,"3,6","2,44","973,16",EUR ,271,271,Atsiskaitytas ,2018-02-06,[Peržiūrėti] [Sandorio patvirtinimo dokumentas]
18-02-02 12:43,Pirkimo sandoris , VSS1R ,189,"3,66","0,2","691,94",EUR ,240,240,Atsiskaitytas ,2018-02-06,[Peržiūrėti] [Sandorio patvirtinimo dokumentas]
18-02-02 11:15,Pirkimo sandoris , VSS1R ,26,"3,66",-- ,"95,16",EUR ,240,240,Atsiskaitytas ,2018-02-06,[Peržiūrėti] [Sandorio patvirtinimo dokumentas]
18-02-02 10:12,Pardavimo sandoris , AMG1L ,645,"1,55","2,5","997,25",EUR ,645,645,Atsiskaitytas ,2018-02-06,[Peržiūrėti] [Sandorio patvirtinimo dokumentas]
18-02-01 14:38,Pardavimo sandoris , TEL1L ,3047,"1,06","8,07","3221,75",EUR ,3047,3047,Atsiskaitytas ,2018-02-05,[Peržiūrėti] [Sandorio patvirtinimo dokumentas]
18-02-01 14:14,Pardavimo sandoris , GZE1R ,90,"10,3","2,32","924,68",EUR ,90,90,Atsiskaitytas ,2018-02-05,[Peržiūrėti] [Sandorio patvirtinimo dokumentas]
18-02-01 11:52,Pardavimo sandoris , GRD1R ,92,"7,68","0,5","706,06",EUR ,130,130,Atsiskaitytas ,2018-02-05,[Peržiūrėti] [Sandorio patvirtinimo dokumentas]
18-02-01 11:04,Pardavimo sandoris , RKB1R ,5900,"0,228","3,36","1341,84",EUR ,5900,5900,Atsiskaitytas ,2018-02-05,[Peržiūrėti] [Sandorio patvirtinimo dokumentas]
18-02-01 10:30,Pardavimo sandoris , ESO1L ,117,"0,87","0,25","101,54",EUR ,2300,2300,Atsiskaitytas ,2018-02-05,[Peržiūrėti] [Sandorio patvirtinimo dokumentas]
18-02-01 10:23,Pardavimo sandoris , ESO1L ,500,"0,87","1,09","433,91",EUR ,2300,2300,Atsiskaitytas ,2018-02-05,[Peržiūrėti] [Sandorio patvirtinimo dokumentas]
18-02-01 10:20,Pirkimo sandoris , RKB1R ,2800,"0,232",2,"651,6",EUR ,2800,2800,Atsiskaitytas ,2018-02-05,[Peržiūrėti] [Sandorio patvirtinimo dokumentas]
18-02-01 10:16,Pardavimo sandoris , ESO1L ,1683,"0,87","3,66","1460,55",EUR ,2300,2300,Atsiskaitytas ,2018-02-05,[Peržiūrėti] [Sandorio patvirtinimo dokumentas]
18-02-01 10:00,Pardavimo sandoris , ESO1L ,1610,"0,866","2,35","1391,91",EUR ,2010,2010,Atsiskaitytas ,2018-02-05,[Peržiūrėti] [Sandorio patvirtinimo dokumentas]
18-02-01 10:00,Pardavimo sandoris , ESO1L ,400,"0,866",2,"344,4",EUR ,2010,2010,Atsiskaitytas ,2018-02-05,[Peržiūrėti] [Sandorio patvirtinimo dokumentas]
18-01-31 13:18,Pardavimo sandoris , GRD1R ,38,"7,68",2,"289,84",EUR ,130,130,Atsiskaitytas ,2018-02-02,[Peržiūrėti] [Sandorio patvirtinimo dokumentas]
18-01-31 12:44,Pardavimo sandoris , TEL1L ,60,"1,055","0,15","63,15",EUR ,2500,2500,Atsiskaitytas ,2018-02-02,[Peržiūrėti] [Sandorio patvirtinimo dokumentas]
18-01-31 11:40,Pardavimo sandoris , GRD1R ,15,"7,68","0,28","114,92",EUR ,145,145,Atsiskaitytas ,2018-02-02,[Peržiūrėti] [Sandorio patvirtinimo dokumentas]
18-01-31 10:58,Pardavimo sandoris , TEL1L ,1000,"1,055","2,64","1052,36",EUR ,2500,2500,Atsiskaitytas ,2018-02-02,[Peržiūrėti] [Sandorio patvirtinimo dokumentas]
18-01-31 10:32,Pardavimo sandoris , TEL1L ,1100,"1,055","1,8","1158,7",EUR ,2500,2500,Atsiskaitytas ,2018-02-02,[Peržiūrėti] [Sandorio patvirtinimo dokumentas]
18-01-31 10:01,Pardavimo sandoris , TEL1L ,1700,"1,05","4,47","1780,53",EUR ,5400,5400,Atsiskaitytas ,2018-02-02,[Peržiūrėti] [Sandorio patvirtinimo dokumentas]
18-01-31 10:01,Pardavimo sandoris , TEL1L ,3700,"1,05","9,71","3875,29",EUR ,5400,5400,Atsiskaitytas ,2018-02-02,[Peržiūrėti] [Sandorio patvirtinimo dokumentas]
18-01-31 10:00,Pardavimo sandoris , KNF1L ,1458,"0,53","1,93","770,81",EUR ,4000,4000,Atsiskaitytas ,2018-02-02,[Peržiūrėti] [Sandorio patvirtinimo dokumentas] 
18-01-31 10:00,Pardavimo sandoris , KNF1L ,2542,"0,53","3,37","1343,89",EUR ,4000,4000,Atsiskaitytas ,2018-02-02,[Peržiūrėti] [Sandorio patvirtinimo dokumentas]
18-01-31 10:00,Pardavimo sandoris , TEL1L ,300,"1,055",-- ,"316,5",EUR ,2500,2500,Atsiskaitytas ,2018-02-02,[Peržiūrėti] [Sandorio patvirtinimo dokumentas]
18-01-31 10:00,Pardavimo sandoris , TEL1L ,40,"1,055",2,"40,2",EUR ,2500,2500,Atsiskaitytas ,2018-02-02,[Peržiūrėti] [Sandorio patvirtinimo dokumentas]
18-01-31 10:00,Pardavimo sandoris , GRD1R ,60,"7,68","0,5","460,3",EUR ,145,145,Atsiskaitytas ,2018-02-02,[Peržiūrėti] [Sandorio patvirtinimo dokumentas]
18-01-30 15:52,Pirkimo sandoris , TAL1T ,42,"1,24","0,13","52,21",EUR ,1000,1000,Atsiskaitytas ,2018-02-01,[Peržiūrėti] [Sandorio patvirtinimo dokumentas]
18-01-30 14:54,Pardavimo sandoris , GRD1R ,70,"7,68",2,"535,6",EUR ,145,145,Atsiskaitytas ,2018-02-01,[Peržiūrėti] [Sandorio patvirtinimo dokumentas]
18-01-30 14:47,Pirkimo sandoris , RKB1R ,3520,"0,244","2,15","861,03",EUR ,3520,3520,Atsiskaitytas ,2018-02-01,[Peržiūrėti] [Sandorio patvirtinimo dokumentas]
18-01-30 13:48,Pirkimo sandoris , TAL1T ,500,"1,24","0,97","620,97",EUR ,1000,1000,Atsiskaitytas ,2018-02-01,[Peržiūrėti] [Sandorio patvirtinimo dokumentas]
18-01-30 13:23,Pirkimo sandoris , GRD1R ,130,"7,54","0,54","980,74",EUR ,135,145,Atsiskaitytas ,2018-02-01,[Peržiūrėti] [Sandorio patvirtinimo dokumentas]
18-01-30 13:17,Pirkimo sandoris , GRD1R ,5,"7,54",2,"39,7",EUR ,135,145,Atsiskaitytas ,2018-02-01,[Peržiūrėti] [Sandorio patvirtinimo dokumentas]
18-01-30 13:11,Pirkimo sandoris , TAL1T ,10,"1,24",-- ,"12,4",EUR ,1000,1000,Atsiskaitytas ,2018-02-01,[Peržiūrėti] [Sandorio patvirtinimo dokumentas]
18-01-30 13:01,Pirkimo sandoris , TAL1T ,150,"1,24",-- ,186,EUR ,1000,1000,Atsiskaitytas ,2018-02-01,[Peržiūrėti] [Sandorio patvirtinimo dokumentas]
18-01-30 10:42,Pirkimo sandoris , TAL1T ,160,"1,24",-- ,"198,4",EUR ,1000,1000,Atsiskaitytas ,2018-02-01,[Peržiūrėti] [Sandorio patvirtinimo dokumentas]
18-01-30 10:30,Pirkimo sandoris , VSS1R ,100,"3,76","0,67","376,67",EUR ,284,300,Atsiskaitytas ,2018-02-01,[Peržiūrėti] [Sandorio patvirtinimo dokumentas]
18-01-30 10:12,Pirkimo sandoris , TAL1T ,138,"1,24",2,"173,12",EUR ,1000,1000,Atsiskaitytas ,2018-02-01,[Peržiūrėti] [Sandorio patvirtinimo dokumentas]
18-01-30 10:05,Pirkimo sandoris , TAL1T ,862,"1,24","2,67","1071,55",EUR ,2000,2000,Atsiskaitytas ,2018-02-01,[Peržiūrėti] [Sandorio patvirtinimo dokumentas]
18-01-30 10:04,Pirkimo sandoris , TAL1T ,1075,"1,24","1,53","1334,53",EUR ,2000,2000,Atsiskaitytas ,2018-02-01,[Peržiūrėti] [Sandorio patvirtinimo dokumentas]
18-01-30 10:04,Pirkimo sandoris , TAL1T ,63,"1,24",2,"80,12",EUR ,2000,2000,Atsiskaitytas ,2018-02-01,[Peržiūrėti] [Sandorio patvirtinimo dokumentas]
18-01-30 10:04,Pirkimo sandoris , TEL1L ,1500,"1,05","3,94","1578,94",EUR ,1500,1500,Atsiskaitytas ,2018-02-01,[Peržiūrėti] [Sandorio patvirtinimo dokumentas]
18-01-30 10:03,Pirkimo sandoris , AMG1L ,310,"1,5",2,467,EUR ,310,550,Atsiskaitytas ,2018-02-01,[Peržiūrėti] [Sandorio patvirtinimo dokumentas]
18-01-30 10:00,Pirkimo sandoris , TAL1T ,2285,"1,24","5,75","2839,15",EUR ,2500,2500,Atsiskaitytas ,2018-02-01,[Peržiūrėti] [Sandorio patvirtinimo dokumentas]
18-01-30 10:00,Pirkimo sandoris , TAL1T ,215,"1,24",2,"268,6",EUR ,2500,2500,Atsiskaitytas ,2018-02-01,[Peržiūrėti] [Sandorio patvirtinimo dokumentas]
18-01-30 10:00,Pirkimo sandoris , KNF1L ,2000,"0,526","2,63","1054,63",EUR ,2000,2000,Atsiskaitytas ,2018-02-01,[Peržiūrėti] [Sandorio patvirtinimo dokumentas]
18-01-30 10:00,Pirkimo sandoris , TEL1L ,1435,"1,055","3,28","1517,21",EUR ,2000,2000,Atsiskaitytas ,2018-02-01,[Peržiūrėti] [Sandorio patvirtinimo dokumentas]
18-01-30 10:00,Pirkimo sandoris , TEL1L ,565,"1,055",2,"598,08",EUR ,2000,2000,Atsiskaitytas ,2018-02-01,[Peržiūrėti] [Sandorio patvirtinimo dokumentas]
18-01-30 10:00,Pardavimo sandoris , AUG1L ,1500,"0,615","2,31","920,19",EUR ,1500,1500,Atsiskaitytas ,2018-02-01,[Peržiūrėti] [Sandorio patvirtinimo dokumentas]
18-01-29 15:06,Pirkimo sandoris , AUG1L ,1500,"0,57","2,14","857,14",EUR ,1500,1500,Atsiskaitytas ,2018-01-31,[Peržiūrėti] [Sandorio patvirtinimo dokumentas]
18-01-29 13:04,Pardavimo sandoris , SAB1L ,500,"0,618","0,32","308,68",EUR ,1500,1500,Atsiskaitytas ,2018-01-31,[Peržiūrėti] [Sandorio patvirtinimo dokumentas]
18-01-29 12:42,Pardavimo sandoris , SAB1L ,1000,"0,618",2,616,EUR ,1500,1500,Atsiskaitytas ,2018-01-31,[Peržiūrėti] [Sandorio patvirtinimo dokumentas]
18-01-29 10:58,Pirkimo sandoris , AMG1L ,1000,"1,49","3,73","1493,73",EUR ,1000,1000,Atsiskaitytas ,2018-01-31,[Peržiūrėti] [Sandorio patvirtinimo dokumentas]
18-01-29 10:22,Pirkimo sandoris , AUG1L ,1500,"0,57","2,14","857,14",EUR ,1500,1500,Atsiskaitytas ,2018-01-31,[Peržiūrėti] [Sandorio patvirtinimo dokumentas]
18-01-29 10:20,Pardavimo sandoris , RKB1R ,8500,"0,23","4,88","1950,12",EUR ,14000,14000,Atsiskaitytas ,2018-01-31,[Peržiūrėti] [Sandorio patvirtinimo dokumentas]
18-01-29 10:20,Pardavimo sandoris , RKB1R ,3000,"0,23","1,18","688,82",EUR ,14000,14000,Atsiskaitytas ,2018-01-31,[Peržiūrėti] [Sandorio patvirtinimo dokumentas]
18-01-29 10:20,Pardavimo sandoris , RKB1R ,2500,"0,232",2,578,EUR ,14000,14000,Atsiskaitytas ,2018-01-31,[Peržiūrėti] [Sandorio patvirtinimo dokumentas]
18-01-29 10:12,Pirkimo sandoris , RKB1R ,1800,"0,234",-- ,"421,2",EUR ,1950,2500,Atsiskaitytas ,2018-01-31,[Peržiūrėti] [Sandorio patvirtinimo dokumentas]
18-01-29 10:11,Pirkimo sandoris , RKB1R ,150,"0,234",2,"37,1",EUR ,1950,2500,Atsiskaitytas ,2018-01-31,[Peržiūrėti] [Sandorio patvirtinimo dokumentas]
18-01-29 10:03,Pirkimo sandoris , VSS1R ,184,"3,76",2,"693,84",EUR ,284,300,Atsiskaitytas ,2018-01-31,[Peržiūrėti] [Sandorio patvirtinimo dokumentas]
18-01-29 10:03,Pirkimo sandoris , TEL1L ,1500,"1,045","3,92","1571,42",EUR ,1500,1500,Atsiskaitytas ,2018-01-31,[Peržiūrėti] [Sandorio patvirtinimo dokumentas]
18-01-29 10:00,Pardavimo sandoris , HAE1T ,17,"6,1","0,26","103,44",EUR ,230,230,Atsiskaitytas ,2018-01-31,[Peržiūrėti] [Sandorio patvirtinimo dokumentas]
18-01-29 10:00,Pardavimo sandoris , HAE1T ,77,"6,1","1,18","468,52",EUR ,230,230,Atsiskaitytas ,2018-01-31,[Peržiūrėti] [Sandorio patvirtinimo dokumentas]
18-01-26 15:59,Pardavimo sandoris , HAE1T ,30,"6,1","0,07","182,93",EUR ,230,230,Atsiskaitytas ,2018-01-30,[Peržiūrėti] [Sandorio patvirtinimo dokumentas]
18-01-26 15:59,Pardavimo sandoris , HAE1T ,106,"6,1",2,"644,6",EUR ,230,230,Atsiskaitytas ,2018-01-30,[Peržiūrėti] [Sandorio patvirtinimo dokumentas]
18-01-26 15:59,Pirkimo sandoris , RKB1R ,1750,"0,234",2,"411,5",EUR ,1750,2200,Atsiskaitytas ,2018-01-30,[Peržiūrėti] [Sandorio patvirtinimo dokumentas]
18-01-26 15:47,Pardavimo sandoris , OLF1R ,127,"8,65","2,43","1096,12",EUR ,205,205,Atsiskaitytas ,2018-01-30,[Peržiūrėti] [Sandorio patvirtinimo dokumentas]
18-01-26 15:45,Pardavimo sandoris , OLF1R ,50,"8,65",-- ,"432,5",EUR ,205,205,Atsiskaitytas ,2018-01-30,[Peržiūrėti] [Sandorio patvirtinimo dokumentas]
18-01-26 15:45,Pardavimo sandoris , OLF1R ,28,"8,65",2,"240,2",EUR ,205,205,Atsiskaitytas ,2018-01-30,[Peržiūrėti] [Sandorio patvirtinimo dokumentas]
18-01-26 15:16,Pardavimo sandoris , TAL1T ,2463,"1,245","7,67","3058,77",EUR ,2463,2463,Atsiskaitytas ,2018-01-30,[Peržiūrėti] [Sandorio patvirtinimo dokumentas]
18-01-26 14:53,Pardavimo sandoris , RKB1R ,2800,"0,236",2,"658,8",EUR ,2800,2800,Atsiskaitytas ,2018-01-30,[Peržiūrėti] [Sandorio patvirtinimo dokumentas]
18-01-26 13:48,Pardavimo sandoris , RKB1R ,400,"0,24","0,24","95,76",EUR ,10000,10000,Atsiskaitytas ,2018-01-30,[Peržiūrėti] [Sandorio patvirtinimo dokumentas]
18-01-26 13:47,Pardavimo sandoris , RKB1R ,4000,"0,24","2,4","957,6",EUR ,10000,10000,Atsiskaitytas ,2018-01-30,[Peržiūrėti] [Sandorio patvirtinimo dokumentas]
18-01-26 13:47,Pardavimo sandoris , RKB1R ,5000,"0,24","1,36","1198,64",EUR ,10000,10000,Atsiskaitytas ,2018-01-30,[Peržiūrėti] [Sandorio patvirtinimo dokumentas]
18-01-26 13:47,Pardavimo sandoris , RKB1R ,600,"0,24",2,142,EUR ,10000,10000,Atsiskaitytas ,2018-01-30,[Peržiūrėti] [Sandorio patvirtinimo dokumentas]
18-01-26 13:46,Pardavimo sandoris , RKB1R ,4000,"0,242","2,42","965,58",EUR ,4000,4000,Atsiskaitytas ,2018-01-30,[Peržiūrėti] [Sandorio patvirtinimo dokumentas]
18-01-26 12:02,Pirkimo sandoris , AUG1L ,1800,"0,555","2,5","1001,5",EUR ,1800,1800,Atsiskaitytas ,2018-01-30,[Peržiūrėti] [Sandorio patvirtinimo dokumentas]
18-01-26 11:43,Pardavimo sandoris , RKB1R ,4000,"0,246","2,31","981,69",EUR ,7000,7000,Atsiskaitytas ,2018-01-30,[Peržiūrėti] [Sandorio patvirtinimo dokumentas]
18-01-26 11:43,Pardavimo sandoris , RKB1R ,3000,"0,246",2,736,EUR ,7000,7000,Atsiskaitytas ,2018-01-30,[Peržiūrėti] [Sandorio patvirtinimo dokumentas]
18-01-26 11:35,Pirkimo sandoris , SAF1R ,150,"7,05","2,64","1060,14",EUR ,150,150,Atsiskaitytas ,2018-01-30,[Peržiūrėti] [Sandorio patvirtinimo dokumentas]
18-01-26 10:59,Pardavimo sandoris , TAL1T ,1900,"1,235","5,87","2340,63",EUR ,1900,1900,Atsiskaitytas ,2018-01-30,[Peržiūrėti] [Sandorio patvirtinimo dokumentas]
18-01-26 10:00,Pirkimo sandoris , KNF1L ,2000,"0,524","2,62","1050,62",EUR ,2000,2000,Atsiskaitytas ,2018-01-30,[Peržiūrėti] [Sandorio patvirtinimo dokumentas]
18-01-26 10:00,Pirkimo sandoris , RKB1R ,3500,"0,25","2,19","877,19",EUR ,3500,3500,Atsiskaitytas ,2018-01-30,[Peržiūrėti] [Sandorio patvirtinimo dokumentas]
18-01-25 15:59,Pardavimo sandoris , SAB1L ,3500,"0,612","5,36","2136,64",EUR ,3500,3500,Atsiskaitytas ,2018-01-29,[Peržiūrėti] [Sandorio patvirtinimo dokumentas]
18-01-25 15:59,Pardavimo sandoris , HAE1T ,84,"6,14","1,29","514,47",EUR ,220,220,Atsiskaitytas ,2018-01-29,[Peržiūrėti] [Sandorio patvirtinimo dokumentas]
18-01-25 15:59,Pardavimo sandoris , HAE1T ,136,"6,14","2,09","832,95",EUR ,220,220,Atsiskaitytas ,2018-01-29,[Peržiūrėti] [Sandorio patvirtinimo dokumentas]
18-01-25 11:13,Pardavimo sandoris , TAL1T ,1500,"1,25","4,69","1870,31",EUR ,1500,1500,Atsiskaitytas ,2018-01-29,[Peržiūrėti] [Sandorio patvirtinimo dokumentas]
18-01-25 10:11,Pirkimo sandoris , ZMP1L ,34,"1,74",2,"61,16",EUR ,34,460,Atsiskaitytas ,2018-01-29,[Peržiūrėti] [Sandorio patvirtinimo dokumentas]
18-01-25 10:00,Pardavimo sandoris , OLF1R ,63,"8,75",2,"549,25",EUR ,63,63,Atsiskaitytas ,2018-01-29,[Peržiūrėti] [Sandorio patvirtinimo dokumentas]
18-01-25 10:00,Pirkimo sandoris , TEL1L ,2000,"0,99","4,95","1984,95",EUR ,2000,2000,Atsiskaitytas ,2018-01-29,[Peržiūrėti] [Sandorio patvirtinimo dokumentas]
18-01-25 10:00,Pirkimo sandoris , TAL1T ,1500,"1,24","4,65","1864,65",EUR ,1500,1500,Atsiskaitytas ,2018-01-29,[Peržiūrėti] [Sandorio patvirtinimo dokumentas]
18-01-25 10:00,Pirkimo sandoris , HAE1T ,52,"6,3","0,82","328,42",EUR ,450,450,Atsiskaitytas ,2018-01-29,[Peržiūrėti] [Sandorio patvirtinimo dokumentas]
18-01-25 10:00,Pirkimo sandoris , HAE1T ,398,"6,3","6,27","2513,67",EUR ,450,450,Atsiskaitytas ,2018-01-29,[Peržiūrėti] [Sandorio patvirtinimo dokumentas]
18-01-24 15:51,Pardavimo sandoris , VSS1R ,180,"3,78","0,27","680,13",EUR ,240,240,Atsiskaitytas ,2018-01-26,[Peržiūrėti] [Sandorio patvirtinimo dokumentas]
18-01-24 15:44,Pardavimo sandoris , HAE1T ,19,"6,14","0,29","116,37",EUR ,479,479,Atsiskaitytas ,2018-01-26,[Peržiūrėti] [Sandorio patvirtinimo dokumentas]
18-01-24 15:44,Pardavimo sandoris , HAE1T ,80,"6,2","1,24","494,76",EUR ,479,479,Atsiskaitytas ,2018-01-26,[Peržiūrėti] [Sandorio patvirtinimo dokumentas]
18-01-24 15:44,Pardavimo sandoris , HAE1T ,380,"6,2","5,89","2350,11",EUR ,479,479,Atsiskaitytas ,2018-01-26,[Peržiūrėti] [Sandorio patvirtinimo dokumentas]
18-01-24 15:36,Pardavimo sandoris , VSS1R ,20,"3,74","0,19","74,61",EUR ,650,650,Atsiskaitytas ,2018-01-26,[Peržiūrėti] [Sandorio patvirtinimo dokumentas]
18-01-24 14:55,Pardavimo sandoris , HAE1T ,516,"6,24","8,05","3211,79",EUR ,516,516,Atsiskaitytas ,2018-01-26,[Peržiūrėti] [Sandorio patvirtinimo dokumentas]
18-01-24 14:26,Pirkimo sandoris , GZE1R ,20,"10,2","0,04","204,04",EUR ,80,80,Atsiskaitytas ,2018-01-26,[Peržiūrėti] [Sandorio patvirtinimo dokumentas]
18-01-24 14:16,Pardavimo sandoris , VSS1R ,630,"3,74","5,89","2350,31",EUR ,650,650,Atsiskaitytas ,2018-01-26,[Peržiūrėti] [Sandorio patvirtinimo dokumentas]
18-01-24 14:04,Pardavimo sandoris , RKB1R ,5500,"0,266","3,32","1459,68",EUR ,8000,8000,Atsiskaitytas ,2018-01-26,[Peržiūrėti] [Sandorio patvirtinimo dokumentas]
18-01-24 14:04,Pardavimo sandoris , RKB1R ,2500,"0,266",2,663,EUR ,8000,8000,Atsiskaitytas ,2018-01-26,[Peržiūrėti] [Sandorio patvirtinimo dokumentas]
18-01-24 12:47,Pardavimo sandoris , IVL1L ,156,"5,25","2,05","816,95",EUR ,156,156,Atsiskaitytas ,2018-01-26,[Peržiūrėti] [Sandorio patvirtinimo dokumentas]
18-01-24 12:44,Pirkimo sandoris , IVL1L ,104,"5,15","0,06","535,66",EUR ,160,160,Atsiskaitytas ,2018-01-26,[Peržiūrėti] [Sandorio patvirtinimo dokumentas]
18-01-24 12:22,Pardavimo sandoris , VSS1R ,170,"3,74","0,24","635,56",EUR ,240,240,Atsiskaitytas ,2018-01-26,[Peržiūrėti] [Sandorio patvirtinimo dokumentas]
18-01-24 12:03,Pirkimo sandoris , IVL1L ,56,"5,15",2,"290,4",EUR ,160,160,Atsiskaitytas ,2018-01-26,[Peržiūrėti] [Sandorio patvirtinimo dokumentas]
18-01-24 11:46,Pardavimo sandoris , VSS1R ,70,"3,74",2,"259,8",EUR ,240,240,Atsiskaitytas ,2018-01-26,[Peržiūrėti] [Sandorio patvirtinimo dokumentas]
18-01-24 11:24,Pirkimo sandoris , HAE1T ,10,"6,06","0,15","60,75",EUR ,280,280,Atsiskaitytas ,2018-01-26,[Peržiūrėti] [Sandorio patvirtinimo dokumentas]
18-01-24 11:00,Pirkimo sandoris , HAE1T ,270,"6,06","4,09","1640,29",EUR ,280,280,Atsiskaitytas ,2018-01-26,[Peržiūrėti] [Sandorio patvirtinimo dokumentas]
18-01-24 10:01,Pardavimo sandoris , GRD1R ,50,"7,7","0,89","384,11",EUR ,150,150,Atsiskaitytas ,2018-01-26,[Peržiūrėti] [Sandorio patvirtinimo dokumentas]
18-01-24 10:01,Pardavimo sandoris , GRD1R ,100,"7,7",2,768,EUR ,150,150,Atsiskaitytas ,2018-01-26,[Peržiūrėti] [Sandorio patvirtinimo dokumentas]
18-01-24 10:00,Pardavimo sandoris , AUG1L ,4115,"0,56",5,"2299,4",EUR ,5000,5000,Atsiskaitytas ,2018-01-26,[Peržiūrėti] [Sandorio patvirtinimo dokumentas]
18-01-24 10:00,Pardavimo sandoris , AUG1L ,885,"0,56",2,"493,6",EUR ,5000,5000,Atsiskaitytas ,2018-01-26,[Peržiūrėti] [Sandorio patvirtinimo dokumentas]
18-01-23 15:59,Pardavimo sandoris , AUG1L ,1800,"0,56","2,52","1005,48",EUR ,1800,2000,Atsiskaitytas ,2018-01-25,[Peržiūrėti] [Sandorio patvirtinimo dokumentas]
18-01-23 12:19,Pirkimo sandoris , AUG1L ,221,"0,565","0,12","124,98",EUR ,1500,1500,Atsiskaitytas ,2018-01-25,[Peržiūrėti] [Sandorio patvirtinimo dokumentas]
18-01-23 11:07,Pardavimo sandoris , TAL1T ,126,"1,245","0,4","156,47",EUR ,2000,2000,Atsiskaitytas ,2018-01-25,[Peržiūrėti] [Sandorio patvirtinimo dokumentas]
18-01-23 10:52,Pirkimo sandoris , AUG1L ,1279,"0,565",2,"724,64",EUR ,1500,1500,Atsiskaitytas ,2018-01-25,[Peržiūrėti] [Sandorio patvirtinimo dokumentas]
18-01-23 10:51,Pardavimo sandoris , TAL1T ,1874,"1,245","5,83","2327,3",EUR ,2000,2000,Atsiskaitytas ,2018-01-25,[Peržiūrėti] [Sandorio patvirtinimo dokumentas]
18-01-23 10:43,Pardavimo sandoris , TAL1T ,3000,"1,245","9,34","3725,66",EUR ,3000,3000,Atsiskaitytas ,2018-01-25,[Peržiūrėti] [Sandorio patvirtinimo dokumentas]
18-01-23 10:28,Pardavimo sandoris , SAF1R ,18,"7,2",2,"127,6",EUR ,18,150,Atsiskaitytas ,2018-01-25,[Peržiūrėti] [Sandorio patvirtinimo dokumentas]
18-01-23 10:14,Pirkimo sandoris , AUG1L ,1236,"0,57","0,14","704,66",EUR ,1500,1500,Atsiskaitytas ,2018-01-25,[Peržiūrėti] [Sandorio patvirtinimo dokumentas]
18-01-23 10:14,Pirkimo sandoris , AUG1L ,264,"0,57",2,"152,48",EUR ,1500,1500,Atsiskaitytas ,2018-01-25,[Peržiūrėti] [Sandorio patvirtinimo dokumentas] 
18-01-22 14:47,Pirkimo sandoris , AUG1L ,1500,"0,58","2,18","872,18",EUR ,1500,1500,Atsiskaitytas ,2018-01-24,[Peržiūrėti] [Sandorio patvirtinimo dokumentas]
18-01-22 13:49,Pardavimo sandoris , OLF1R ,99,"8,9","0,23","880,87",EUR ,100,100,Atsiskaitytas ,2018-01-24,[Peržiūrėti] [Sandorio patvirtinimo dokumentas]
18-01-22 13:49,Pardavimo sandoris , OLF1R ,1,"8,9",2,"6,9",EUR ,100,100,Atsiskaitytas ,2018-01-24,[Peržiūrėti] [Sandorio patvirtinimo dokumentas]
18-01-22 13:10,Pirkimo sandoris , AUG1L ,2,"0,585",-- ,"1,17",EUR ,1500,1500,Atsiskaitytas ,2018-01-24,[Peržiūrėti] [Sandorio patvirtinimo dokumentas]
18-01-22 12:42,Pirkimo sandoris , AUG1L ,1364,"0,585","0,19","798,13",EUR ,1500,1500,Atsiskaitytas ,2018-01-24,[Peržiūrėti] [Sandorio patvirtinimo dokumentas]
18-01-22 12:41,Pirkimo sandoris , AUG1L ,134,"0,585",2,"80,39",EUR ,1500,1500,Atsiskaitytas ,2018-01-24,[Peržiūrėti] [Sandorio patvirtinimo dokumentas]
18-01-22 12:24,Pirkimo sandoris , GRD1R ,20,"7,44",2,"150,8",EUR ,20,115,Atsiskaitytas ,2018-01-24,[Peržiūrėti] [Sandorio patvirtinimo dokumentas]
18-01-22 12:22,Pirkimo sandoris , AUG1L ,1500,"0,59","2,21","887,21",EUR ,1500,1500,Atsiskaitytas ,2018-01-24,[Peržiūrėti] [Sandorio patvirtinimo dokumentas]
18-01-22 11:35,Pirkimo sandoris , GZE1R ,60,"10,2",2,614,EUR ,80,80,Atsiskaitytas ,2018-01-24,[Peržiūrėti] [Sandorio patvirtinimo dokumentas]
18-01-22 11:06,Pirkimo sandoris , LGD1L ,454,"0,705","0,81","320,88",EUR ,2000,2000,Atsiskaitytas ,2018-01-24,[Peržiūrėti] [Sandorio patvirtinimo dokumentas]
18-01-22 10:38,Pardavimo sandoris , HAE1T ,200,"5,9","2,95","1177,05",EUR ,490,490,Atsiskaitytas ,2018-01-24,[Peržiūrėti] [Sandorio patvirtinimo dokumentas]
18-01-22 10:38,Pardavimo sandoris , HAE1T ,290,"5,9","4,28","1706,72",EUR ,490,490,Atsiskaitytas ,2018-01-24,[Peržiūrėti] [Sandorio patvirtinimo dokumentas]
18-01-22 10:00,Pirkimo sandoris , TEL1L ,1000,"0,974","2,44","976,44",EUR ,1000,1000,Atsiskaitytas ,2018-01-24,[Peržiūrėti] [Sandorio patvirtinimo dokumentas]
18-01-22 10:00,Pirkimo sandoris , TEL1L ,160,"0,974",2,"157,84",EUR ,160,1000,Atsiskaitytas ,2018-01-24,[Peržiūrėti] [Sandorio patvirtinimo dokumentas]
18-01-22 10:00,Pardavimo sandoris , HAE1T ,10,"5,76","0,09","57,51",EUR ,145,145,Atsiskaitytas ,2018-01-24,[Peržiūrėti] [Sandorio patvirtinimo dokumentas]
18-01-22 10:00,Pardavimo sandoris , HAE1T ,20,"5,76",-- ,"115,2",EUR ,145,145,Atsiskaitytas ,2018-01-24,[Peržiūrėti] [Sandorio patvirtinimo dokumentas]
18-01-22 10:00,Pardavimo sandoris , HAE1T ,100,"5,76",-- ,576,EUR ,145,145,Atsiskaitytas ,2018-01-24,[Peržiūrėti] [Sandorio patvirtinimo dokumentas]
18-01-19 15:42,Pardavimo sandoris , HAE1T ,15,"5,76",2,"84,4",EUR ,145,145,Atsiskaitytas ,2018-01-23,[Peržiūrėti] [Sandorio patvirtinimo dokumentas]
18-01-19 11:35,Pirkimo sandoris , GRD1R ,10,"7,4","0,18","74,18",EUR ,260,260,Atsiskaitytas ,2018-01-23,[Peržiūrėti] [Sandorio patvirtinimo dokumentas]
18-01-19 11:19,Pirkimo sandoris , GRD1R ,250,"7,4","4,63","1854,63",EUR ,260,260,Atsiskaitytas ,2018-01-23,[Peržiūrėti] [Sandorio patvirtinimo dokumentas]
18-01-19 10:37,Pardavimo sandoris , IVL1L ,150,"5,25",2,"785,5",EUR ,150,150,Atsiskaitytas ,2018-01-23,[Peržiūrėti] [Sandorio patvirtinimo dokumentas]
18-01-19 10:04,Pirkimo sandoris , OLF1R ,358,"8,6","5,91","3084,71",EUR ,368,420,Atsiskaitytas ,2018-01-23,[Peržiūrėti] [Sandorio patvirtinimo dokumentas]
18-01-19 10:04,Pirkimo sandoris , OLF1R ,10,"8,6",2,88,EUR ,368,420,Atsiskaitytas ,2018-01-23,[Peržiūrėti] [Sandorio patvirtinimo dokumentas]
18-01-19 10:04,Pirkimo sandoris , VSS1R ,25,"3,66",2,"93,5",EUR ,240,240,Atsiskaitytas ,2018-01-23,[Peržiūrėti] [Sandorio patvirtinimo dokumentas]
18-01-19 10:00,Pardavimo sandoris , TAL1T ,1500,"1,26","4,73","1885,27",EUR ,1500,1500,Atsiskaitytas ,2018-01-23,[Peržiūrėti] [Sandorio patvirtinimo dokumentas]
18-01-19 10:00,Pardavimo sandoris , GZE1R ,95,"10,4","2,47","985,53",EUR ,95,95,Atsiskaitytas ,2018-01-23,[Peržiūrėti] [Sandorio patvirtinimo dokumentas]
18-01-18 13:41,Pirkimo sandoris , HAE1T ,50,"5,5","0,69","275,69",EUR ,200,200,Atsiskaitytas ,2018-01-22,[Peržiūrėti] [Sandorio patvirtinimo dokumentas]
18-01-18 12:50,Pardavimo sandoris , OLF1R ,104,"8,5","2,21","881,79",EUR ,350,350,Atsiskaitytas ,2018-01-22,[Peržiūrėti] [Sandorio patvirtinimo dokumentas]
18-01-18 12:14,Pirkimo sandoris , VSS1R ,240,"3,68","2,21","885,41",EUR ,240,240,Atsiskaitytas ,2018-01-22,[Peržiūrėti] [Sandorio patvirtinimo dokumentas]
18-01-18 11:22,Pardavimo sandoris , OLF1R ,70,"8,5","1,49","593,51",EUR ,350,350,Atsiskaitytas ,2018-01-22,[Peržiūrėti] [Sandorio patvirtinimo dokumentas]
18-01-18 11:04,Pirkimo sandoris , AUG1L ,2500,"0,58","3,63","1453,63",EUR ,2500,2500,Atsiskaitytas ,2018-01-22,[Peržiūrėti] [Sandorio patvirtinimo dokumentas]
18-01-18 10:52,Pirkimo sandoris , HAE1T ,150,"5,5","2,06","827,06",EUR ,200,200,Atsiskaitytas ,2018-01-22,[Peržiūrėti] [Sandorio patvirtinimo dokumentas]
18-01-18 10:45,Pirkimo sandoris , AUG1L ,2500,"0,58","3,63","1453,63",EUR ,2500,2500,Atsiskaitytas ,2018-01-22,[Peržiūrėti] [Sandorio patvirtinimo dokumentas]
18-01-18 10:42,Pirkimo sandoris , HAE1T ,150,"5,52","2,07","830,07",EUR ,150,150,Atsiskaitytas ,2018-01-22,[Peržiūrėti] [Sandorio patvirtinimo dokumentas]
18-01-18 10:37,Pirkimo sandoris , AUG1L ,1500,"0,585","2,19","879,69",EUR ,1500,1500,Atsiskaitytas ,2018-01-22,[Peržiūrėti] [Sandorio patvirtinimo dokumentas]
18-01-18 10:14,Pirkimo sandoris , AUG1L ,360,"0,59","0,01","212,41",EUR ,1360,1360,Atsiskaitytas ,2018-01-22,[Peržiūrėti] [Sandorio patvirtinimo dokumentas]
18-01-18 10:14,Pirkimo sandoris , AUG1L ,700,"0,585","0,19","409,69",EUR ,1500,1500,Atsiskaitytas ,2018-01-22,[Peržiūrėti] [Sandorio patvirtinimo dokumentas]
18-01-18 10:02,Pirkimo sandoris , LGD1L ,1546,"0,705","2,72","1092,65",EUR ,2000,2000,Atsiskaitytas ,2018-01-22,[Peržiūrėti] [Sandorio patvirtinimo dokumentas]
18-01-18 10:01,Pirkimo sandoris , GZE1R ,85,"10,2","2,17","869,17",EUR ,85,90,Atsiskaitytas ,2018-01-22,[Peržiūrėti] [Sandorio patvirtinimo dokumentas]
18-01-18 10:00,Pirkimo sandoris , HAE1T ,1,"5,6","0,01","5,61",EUR ,1000,1000,Atsiskaitytas ,2018-01-22,[Peržiūrėti] [Sandorio patvirtinimo dokumentas]
18-01-18 10:00,Pirkimo sandoris , HAE1T ,300,"5,6","4,2","1684,2",EUR ,1000,1000,Atsiskaitytas ,2018-01-22,[Peržiūrėti] [Sandorio patvirtinimo dokumentas]
18-01-18 10:00,Pirkimo sandoris , HAE1T ,489,"5,6","6,85","2745,25",EUR ,1000,1000,Atsiskaitytas ,2018-01-22,[Peržiūrėti] [Sandorio patvirtinimo dokumentas]
18-01-18 10:00,Pirkimo sandoris , HAE1T ,210,"5,6","2,94","1178,94",EUR ,1000,1000,Atsiskaitytas ,2018-01-22,[Peržiūrėti] [Sandorio patvirtinimo dokumentas]
18-01-18 10:00,Pirkimo sandoris , SAB1L ,3800,"0,6","5,5","2285,5",EUR ,5000,5000,Atsiskaitytas ,2018-01-22,[Peržiūrėti] [Sandorio patvirtinimo dokumentas]
18-01-18 10:00,Pirkimo sandoris , SAB1L ,1200,"0,6",2,722,EUR ,5000,5000,Atsiskaitytas ,2018-01-22,[Peržiūrėti] [Sandorio patvirtinimo dokumentas]
18-01-18 10:00,Pardavimo sandoris , OEG1T ,1482,"1,835","6,8","2712,67",EUR ,2000,2000,Atsiskaitytas ,2018-01-22,[Peržiūrėti] [Sandorio patvirtinimo dokumentas]
18-01-17 15:01,Pirkimo sandoris , SAF1R ,150,7,"2,63","1052,63",EUR ,150,150,Atsiskaitytas ,2018-01-19,[Peržiūrėti] [Sandorio patvirtinimo dokumentas]
18-01-17 14:55,Pardavimo sandoris , OEG1T ,518,"1,835","2,38","948,15",EUR ,2000,2000,Atsiskaitytas ,2018-01-19,[Peržiūrėti] [Sandorio patvirtinimo dokumentas]
18-01-17 14:22,Pardavimo sandoris , RKB1R ,1800,"0,278",-- ,"500,4",EUR ,1900,1900,Atsiskaitytas ,2018-01-19,[Peržiūrėti] [Sandorio patvirtinimo dokumentas]
18-01-17 10:00,Pardavimo sandoris , OLF1R ,819,"8,3","16,99","6780,71",EUR ,819,819,Atsiskaitytas ,2018-01-19,[Peržiūrėti] [Sandorio patvirtinimo dokumentas]
18-01-16 13:54,Pirkimo sandoris , OLF1R ,42,"8,25","0,06","346,56",EUR ,100,100,Atsiskaitytas ,2018-01-18,[Peržiūrėti] [Sandorio patvirtinimo dokumentas]
18-01-16 13:41,Pardavimo sandoris , IVL1L ,100,"5,3","1,33","528,67",EUR ,300,300,Atsiskaitytas ,2018-01-18,[Peržiūrėti] [Sandorio patvirtinimo dokumentas]
18-01-16 13:39,Pardavimo sandoris , VSS1R ,60,"3,78",2,"224,8",EUR ,240,240,Atsiskaitytas ,2018-01-18,[Peržiūrėti] [Sandorio patvirtinimo dokumentas]
18-01-16 11:14,Pardavimo sandoris , IVL1L ,200,"5,3","2,65","1057,35",EUR ,300,300,Atsiskaitytas ,2018-01-18,[Peržiūrėti] [Sandorio patvirtinimo dokumentas]
18-01-16 11:10,Pirkimo sandoris , AUG1L ,1500,"0,6","2,25","902,25",EUR ,1500,1500,Atsiskaitytas ,2018-01-18,[Peržiūrėti] [Sandorio patvirtinimo dokumentas]
18-01-16 11:10,Pirkimo sandoris , AUG1L ,739,"0,6","0,25","443,65",EUR ,1500,1500,Atsiskaitytas ,2018-01-18,[Peržiūrėti] [Sandorio patvirtinimo dokumentas]
18-01-16 10:49,Pirkimo sandoris , AUG1L ,1500,"0,605","2,27","909,77",EUR ,1500,1500,Atsiskaitytas ,2018-01-18,[Peržiūrėti] [Sandorio patvirtinimo dokumentas]
18-01-16 10:11,Pirkimo sandoris , VSS1R ,240,"3,72","2,23","895,03",EUR ,240,240,Atsiskaitytas ,2018-01-18,[Peržiūrėti] [Sandorio patvirtinimo dokumentas]
18-01-16 10:00,Pardavimo sandoris , AUG1L ,40,"0,62",2,"22,8",EUR ,40,1500,Atsiskaitytas ,2018-01-18,[Peržiūrėti] [Sandorio patvirtinimo dokumentas]
18-01-15 14:37,Pirkimo sandoris , GZE1R ,74,"10,2","0,55","755,35",EUR ,100,100,Atsiskaitytas ,2018-01-17,[Peržiūrėti] [Sandorio patvirtinimo dokumentas]
18-01-15 13:55,Pirkimo sandoris , AUG1L ,1500,"0,61","2,29","917,29",EUR ,1500,1500,Atsiskaitytas ,2018-01-17,[Peržiūrėti] [Sandorio patvirtinimo dokumentas]
18-01-15 13:37,Pirkimo sandoris , AUG1L ,1500,"0,615","2,31","924,81",EUR ,1500,1500,Atsiskaitytas ,2018-01-17,[Peržiūrėti] [Sandorio patvirtinimo dokumentas]
18-01-12 14:13,Pirkimo sandoris , ESO1L ,6,"0,87","0,02","5,24",EUR ,1810,1810,Atsiskaitytas ,2018-01-16,[Peržiūrėti] [Sandorio patvirtinimo dokumentas]
18-01-12 13:33,Pirkimo sandoris , AMG1L ,900,"1,44","3,24","1299,24",EUR ,900,1200,Atsiskaitytas ,2018-01-16,[Peržiūrėti] [Sandorio patvirtinimo dokumentas]
18-01-12 13:30,Pirkimo sandoris , ESO1L ,1800,"0,87","1,92","1567,92",EUR ,1810,1810,Atsiskaitytas ,2018-01-16,[Peržiūrėti] [Sandorio patvirtinimo dokumentas]
18-01-12 13:30,Pirkimo sandoris , ESO1L ,4,"0,87",2,"5,48",EUR ,1810,1810,Atsiskaitytas ,2018-01-16,[Peržiūrėti] [Sandorio patvirtinimo dokumentas]
18-01-12 13:25,Pirkimo sandoris , OLF1R ,58,"8,25",2,"480,5",EUR ,100,100,Atsiskaitytas ,2018-01-16,[Peržiūrėti] [Sandorio patvirtinimo dokumentas]
18-01-12 12:35,Pirkimo sandoris , AUG1L ,200,"0,6",-- ,120,EUR ,1500,1500,Atsiskaitytas ,2018-01-16,[Peržiūrėti] [Sandorio patvirtinimo dokumentas]
18-01-12 12:34,Pirkimo sandoris , AUG1L ,200,"0,6",-- ,120,EUR ,1500,1500,Atsiskaitytas ,2018-01-16,[Peržiūrėti] [Sandorio patvirtinimo dokumentas]
18-01-12 12:16,Pirkimo sandoris , GZE1R ,26,"10,2",2,"267,2",EUR ,100,100,Atsiskaitytas ,2018-01-16,[Peržiūrėti] [Sandorio patvirtinimo dokumentas]
18-01-12 11:07,Pirkimo sandoris , AUG1L ,140,"0,6",-- ,84,EUR ,1500,1500,Atsiskaitytas ,2018-01-16,[Peržiūrėti] [Sandorio patvirtinimo dokumentas]
18-01-12 11:00,Pirkimo sandoris , AUG1L ,100,"0,6",-- ,60,EUR ,1500,1500,Atsiskaitytas ,2018-01-16,[Peržiūrėti] [Sandorio patvirtinimo dokumentas]
18-01-11 15:59,Pirkimo sandoris , AUG1L ,1400,"0,605","2,12","849,12",EUR ,1400,1400,Atsiskaitytas ,2018-01-15,[Peržiūrėti] [Sandorio patvirtinimo dokumentas]
18-01-11 15:51,Pirkimo sandoris , GRD1R ,150,"7,16","2,69","1076,69",EUR ,150,150,Atsiskaitytas ,2018-01-15,[Peržiūrėti] [Sandorio patvirtinimo dokumentas]
18-01-11 15:51,Pirkimo sandoris , GRD1R ,55,"7,18","0,87","395,77",EUR ,160,160,Atsiskaitytas ,2018-01-15,[Peržiūrėti] [Sandorio patvirtinimo dokumentas]
18-01-11 15:24,Pirkimo sandoris , GRD1R ,30,"7,18",-- ,"215,4",EUR ,160,160,Atsiskaitytas ,2018-01-15,[Peržiūrėti] [Sandorio patvirtinimo dokumentas]
18-01-11 14:51,Pirkimo sandoris , GRD1R ,75,"7,18",2,"540,5",EUR ,160,160,Atsiskaitytas ,2018-01-15,[Peržiūrėti] [Sandorio patvirtinimo dokumentas]
18-01-11 14:38,Pirkimo sandoris , GRD1R ,48,"7,2","0,34","345,94",EUR ,130,130,Atsiskaitytas ,2018-01-15,[Peržiūrėti] [Sandorio patvirtinimo dokumentas]
18-01-11 14:38,Pirkimo sandoris , GRD1R ,82,"7,2",2,"592,4",EUR ,130,130,Atsiskaitytas ,2018-01-15,[Peržiūrėti] [Sandorio patvirtinimo dokumentas]
18-01-11 13:33,Pardavimo sandoris , LGD1L ,974,"0,705",-- ,"686,67",EUR ,1124,1124,Atsiskaitytas ,2018-01-15,[Peržiūrėti] [Sandorio patvirtinimo dokumentas]
18-01-11 13:24,Pirkimo sandoris , AUG1L ,121,"0,6",2,"74,6",EUR ,1500,1500,Atsiskaitytas ,2018-01-15,[Peržiūrėti] [Sandorio patvirtinimo dokumentas]
18-01-11 11:49,Pirkimo sandoris , AUG1L ,2000,"0,6",3,1203,EUR ,2000,2000,Atsiskaitytas ,2018-01-15,[Peržiūrėti] [Sandorio patvirtinimo dokumentas]
18-01-11 10:42,Pirkimo sandoris , AMG1L ,1000,"1,44","3,6","1443,6",EUR ,1000,1000,Atsiskaitytas ,2018-01-15,[Peržiūrėti] [Sandorio patvirtinimo dokumentas]
18-01-11 10:03,Pirkimo sandoris , OEG1T ,2000,"1,84","9,2","3689,2",EUR ,2000,2000,Atsiskaitytas ,2018-01-15,[Peržiūrėti] [Sandorio patvirtinimo dokumentas]
18-01-10 15:59,Pardavimo sandoris , HAE1T ,180,"5,44","2,45","976,75",EUR ,180,180,Atsiskaitytas ,2018-01-12,[Peržiūrėti] [Sandorio patvirtinimo dokumentas]
18-01-10 12:35,Pirkimo sandoris , AUG1L ,3000,"0,605","4,54","1819,54",EUR ,3000,3000,Atsiskaitytas ,2018-01-12,[Peržiūrėti] [Sandorio patvirtinimo dokumentas]
18-01-10 10:58,Pardavimo sandoris , HAE1T ,180,"5,46","2,46","980,34",EUR ,180,180,Atsiskaitytas ,2018-01-12,[Peržiūrėti] [Sandorio patvirtinimo dokumentas]
18-01-10 10:44,Pirkimo sandoris , HAE1T ,17,"5,42","0,03","92,17",EUR ,150,150,Atsiskaitytas ,2018-01-12,[Peržiūrėti] [Sandorio patvirtinimo dokumentas]
18-01-10 10:16,Pirkimo sandoris , AUG1L ,2800,"0,6","4,2","1684,2",EUR ,2800,2800,Atsiskaitytas ,2018-01-12,[Peržiūrėti] [Sandorio patvirtinimo dokumentas]
18-01-10 10:10,Pirkimo sandoris , HAE1T ,133,"5,42",2,"722,86",EUR ,150,150,Atsiskaitytas ,2018-01-12,[Peržiūrėti] [Sandorio patvirtinimo dokumentas]
18-01-10 10:00,Pardavimo sandoris , GZE1R ,72,"10,4","0,59","748,21",EUR ,100,100,Atsiskaitytas ,2018-01-12,[Peržiūrėti] [Sandorio patvirtinimo dokumentas]
18-01-09 15:59,Pirkimo sandoris , TAL1T ,1500,"1,26","4,73","1894,73",EUR ,1500,1500,Atsiskaitytas ,2018-01-11,[Peržiūrėti] [Sandorio patvirtinimo dokumentas]
18-01-09 15:31,Pardavimo sandoris , HAE1T ,60,"5,46","0,18","327,42",EUR ,160,160,Atsiskaitytas ,2018-01-11,[Peržiūrėti] [Sandorio patvirtinimo dokumentas]
18-01-09 14:58,Pardavimo sandoris , HAE1T ,100,"5,46",2,544,EUR ,160,160,Atsiskaitytas ,2018-01-11,[Peržiūrėti] [Sandorio patvirtinimo dokumentas]
18-01-09 14:32,Pardavimo sandoris , GZE1R ,28,"10,3",2,"286,4",EUR ,100,100,Atsiskaitytas ,2018-01-11,[Peržiūrėti] [Sandorio patvirtinimo dokumentas]
18-01-09 14:31,Pirkimo sandoris , OLF1R ,100,"8,35","2,09","837,09",EUR ,100,100,Atsiskaitytas ,2018-01-11,[Peržiūrėti] [Sandorio patvirtinimo dokumentas]
18-01-09 14:29,Pirkimo sandoris , AUG1L ,1000,"0,59",2,592,EUR ,1360,1360,Atsiskaitytas ,2018-01-11,[Peržiūrėti] [Sandorio patvirtinimo dokumentas]
18-01-09 14:22,Pirkimo sandoris , AUG1L ,800,"0,585",2,470,EUR ,1500,1500,Atsiskaitytas ,2018-01-11,[Peržiūrėti] [Sandorio patvirtinimo dokumentas]
18-01-09 14:20,Pirkimo sandoris , AUG1L ,1500,"0,59","2,21","887,21",EUR ,1500,1500,Atsiskaitytas ,2018-01-11,[Peržiūrėti] [Sandorio patvirtinimo dokumentas]
18-01-09 12:10,Pardavimo sandoris , GZE1R ,22,"10,3","0,57","226,03",EUR ,120,120,Atsiskaitytas ,2018-01-11,[Peržiūrėti] [Sandorio patvirtinimo dokumentas] 
18-01-09 12:02,Pirkimo sandoris , AUG1L ,1500,"0,62","2,33","932,33",EUR ,1500,1500,Atsiskaitytas ,2018-01-11,[Peržiūrėti] [Sandorio patvirtinimo dokumentas]
18-01-09 11:23,Pardavimo sandoris , HAE1T ,106,"5,48","0,06","580,82",EUR ,150,150,Atsiskaitytas ,2018-01-11,[Peržiūrėti] [Sandorio patvirtinimo dokumentas]
18-01-09 11:07,Pardavimo sandoris , GZE1R ,3,"10,3","0,07","30,83",EUR ,120,120,Atsiskaitytas ,2018-01-11,[Peržiūrėti] [Sandorio patvirtinimo dokumentas]
18-01-09 11:00,Pardavimo sandoris , GZE1R ,5,"10,3","0,13","51,37",EUR ,120,120,Atsiskaitytas ,2018-01-11,[Peržiūrėti] [Sandorio patvirtinimo dokumentas]
18-01-09 10:58,Pardavimo sandoris , HAE1T ,44,"5,48",2,"239,12",EUR ,150,150,Atsiskaitytas ,2018-01-11,[Peržiūrėti] [Sandorio patvirtinimo dokumentas]
18-01-09 10:39,Pardavimo sandoris , GZE1R ,42,"10,3","0,32","432,28",EUR ,120,120,Atsiskaitytas ,2018-01-11,[Peržiūrėti] [Sandorio patvirtinimo dokumentas]
18-01-09 10:39,Pardavimo sandoris , HAE1T ,30,"5,48","0,06","164,34",EUR ,150,150,Atsiskaitytas ,2018-01-11,[Peržiūrėti] [Sandorio patvirtinimo dokumentas]
18-01-09 10:38,Pardavimo sandoris , HAE1T ,120,"5,48",2,"655,6",EUR ,150,150,Atsiskaitytas ,2018-01-11,[Peržiūrėti] [Sandorio patvirtinimo dokumentas]
18-01-09 10:38,Pardavimo sandoris , GZE1R ,48,"10,3",2,"492,4",EUR ,120,120,Atsiskaitytas ,2018-01-11,[Peržiūrėti] [Sandorio patvirtinimo dokumentas]
18-01-09 10:00,Pardavimo sandoris , GZE1R ,55,"10,3","0,45","566,05",EUR ,95,95,Atsiskaitytas ,2018-01-11,[Peržiūrėti] [Sandorio patvirtinimo dokumentas]
18-01-08 15:53,Pirkimo sandoris , AUG1L ,1500,"0,62","2,33","932,33",EUR ,1500,1500,Atsiskaitytas ,2018-01-10,[Peržiūrėti] [Sandorio patvirtinimo dokumentas]
18-01-08 15:25,Pirkimo sandoris , AUG1L ,1500,"0,625","2,34","939,84",EUR ,1500,1500,Atsiskaitytas ,2018-01-10,[Peržiūrėti] [Sandorio patvirtinimo dokumentas]
18-01-08 15:13,Pardavimo sandoris , HAE1T ,120,"5,48",2,"655,6",EUR ,120,290,Atsiskaitytas ,2018-01-10,[Peržiūrėti] [Sandorio patvirtinimo dokumentas]
18-01-08 15:05,Pardavimo sandoris , HAE1T ,70,"5,48","0,96","382,64",EUR ,280,280,Atsiskaitytas ,2018-01-10,[Peržiūrėti] [Sandorio patvirtinimo dokumentas]
18-01-08 15:04,Pardavimo sandoris , HAE1T ,120,"5,48","0,88","656,72",EUR ,280,280,Atsiskaitytas ,2018-01-10,[Peržiūrėti] [Sandorio patvirtinimo dokumentas]
18-01-08 14:56,Pardavimo sandoris , RKB1R ,100,"0,278",2,"25,8",EUR ,1900,1900,Atsiskaitytas ,2018-01-10,[Peržiūrėti] [Sandorio patvirtinimo dokumentas]
18-01-08 14:50,Pardavimo sandoris , GZE1R ,40,"10,3",2,410,EUR ,95,95,Atsiskaitytas ,2018-01-10,[Peržiūrėti] [Sandorio patvirtinimo dokumentas]
18-01-08 14:34,Pirkimo sandoris , AUG1L ,1500,"0,625","2,34","939,84",EUR ,1500,1500,Atsiskaitytas ,2018-01-10,[Peržiūrėti] [Sandorio patvirtinimo dokumentas]
18-01-08 14:32,Pardavimo sandoris , OLF1R ,176,"8,5","3,74","1492,26",EUR ,350,350,Atsiskaitytas ,2018-01-10,[Peržiūrėti] [Sandorio patvirtinimo dokumentas]
18-01-08 14:31,Pardavimo sandoris , HAE1T ,90,"5,48",2,"491,2",EUR ,280,280,Atsiskaitytas ,2018-01-10,[Peržiūrėti] [Sandorio patvirtinimo dokumentas]
18-01-08 14:25,Pardavimo sandoris , HAE1T ,10,"5,48","0,13","54,67",EUR ,190,190,Atsiskaitytas ,2018-01-10,[Peržiūrėti] [Sandorio patvirtinimo dokumentas]
18-01-08 13:57,Pardavimo sandoris , HAE1T ,180,"5,48","2,47","983,93",EUR ,190,190,Atsiskaitytas ,2018-01-10,[Peržiūrėti] [Sandorio patvirtinimo dokumentas]
18-01-08 13:35,Pardavimo sandoris , OLF1R ,250,"8,5","5,31","2119,69",EUR ,250,250,Atsiskaitytas ,2018-01-10,[Peržiūrėti] [Sandorio patvirtinimo dokumentas]
18-01-08 12:52,Pardavimo sandoris , HAE1T ,190,"5,48","2,6","1038,6",EUR ,190,190,Atsiskaitytas ,2018-01-10,[Peržiūrėti] [Sandorio patvirtinimo dokumentas]
18-01-08 12:21,Pardavimo sandoris , OLF1R ,214,"8,5","3,31","1815,69",EUR ,250,250,Atsiskaitytas ,2018-01-10,[Peržiūrėti] [Sandorio patvirtinimo dokumentas]
18-01-08 11:17,Pardavimo sandoris , OLF1R ,36,"8,5",2,304,EUR ,250,250,Atsiskaitytas ,2018-01-10,[Peržiūrėti] [Sandorio patvirtinimo dokumentas]
18-01-08 10:13,Pirkimo sandoris , VSS1R ,240,"3,64","2,18","875,78",EUR ,240,240,Atsiskaitytas ,2018-01-10,[Peržiūrėti] [Sandorio patvirtinimo dokumentas]
18-01-05 15:59,Pirkimo sandoris , TEL1L ,100,"0,964",-- ,"96,4",EUR ,759,900,Atsiskaitytas ,2018-01-09,[Peržiūrėti] [Sandorio patvirtinimo dokumentas]
18-01-05 15:35,Pardavimo sandoris , GRD1R ,6,"7,44","0,11","44,53",EUR ,133,133,Atsiskaitytas ,2018-01-09,[Peržiūrėti] [Sandorio patvirtinimo dokumentas]
18-01-05 15:20,Pirkimo sandoris , HAE1T ,4,"5,34","0,05","21,41",EUR ,940,940,Atsiskaitytas ,2018-01-09,[Peržiūrėti] [Sandorio patvirtinimo dokumentas]
18-01-05 15:13,Pardavimo sandoris , GRD1R ,127,"7,44","2,36","942,52",EUR ,133,133,Atsiskaitytas ,2018-01-09,[Peržiūrėti] [Sandorio patvirtinimo dokumentas]
18-01-05 15:01,Pirkimo sandoris , HAE1T ,500,"5,34","6,68","2676,68",EUR ,940,940,Atsiskaitytas ,2018-01-09,[Peržiūrėti] [Sandorio patvirtinimo dokumentas]
18-01-05 15:01,Pirkimo sandoris , HAE1T ,436,"5,34","5,82","2334,06",EUR ,940,940,Atsiskaitytas ,2018-01-09,[Peržiūrėti] [Sandorio patvirtinimo dokumentas]
18-01-05 14:35,Pirkimo sandoris , TEL1L ,235,"0,964",-- ,"226,54",EUR ,759,900,Atsiskaitytas ,2018-01-09,[Peržiūrėti] [Sandorio patvirtinimo dokumentas]
18-01-05 13:19,Pardavimo sandoris , HAE1T ,160,"5,32","2,13","849,07",EUR ,160,160,Atsiskaitytas ,2018-01-09,[Peržiūrėti] [Sandorio patvirtinimo dokumentas]
18-01-05 12:50,Pardavimo sandoris , HAE1T ,105,"5,32","0,13","558,47",EUR ,160,160,Atsiskaitytas ,2018-01-09,[Peržiūrėti] [Sandorio patvirtinimo dokumentas]
18-01-05 12:46,Pardavimo sandoris , AUG1L ,1045,"0,635","0,02","663,56",EUR ,1270,1270,Atsiskaitytas ,2018-01-09,[Peržiūrėti] [Sandorio patvirtinimo dokumentas]
18-01-05 12:41,Pardavimo sandoris , AUG1L ,225,"0,635",2,"140,88",EUR ,1270,1270,Atsiskaitytas ,2018-01-09,[Peržiūrėti] [Sandorio patvirtinimo dokumentas]
18-01-05 12:31,Pardavimo sandoris , LGD1L ,150,"0,705",2,"103,75",EUR ,1124,1124,Atsiskaitytas ,2018-01-09,[Peržiūrėti] [Sandorio patvirtinimo dokumentas]
18-01-05 11:58,Pirkimo sandoris , TEL1L ,424,"0,964",2,"410,74",EUR ,759,900,Atsiskaitytas ,2018-01-09,[Peržiūrėti] [Sandorio patvirtinimo dokumentas]
18-01-05 11:51,Pardavimo sandoris , GRD1R ,105,"7,44","0,14","781,06",EUR ,115,115,Atsiskaitytas ,2018-01-09,[Peržiūrėti] [Sandorio patvirtinimo dokumentas]
18-01-05 11:47,Pirkimo sandoris , AMG1L ,86,"1,42",-- ,"122,12",EUR ,128,600,Atsiskaitytas ,2018-01-09,[Peržiūrėti] [Sandorio patvirtinimo dokumentas]
18-01-05 11:47,Pardavimo sandoris , GRD1R ,10,"7,44",2,"72,4",EUR ,115,115,Atsiskaitytas ,2018-01-09,[Peržiūrėti] [Sandorio patvirtinimo dokumentas]
18-01-05 11:25,Pardavimo sandoris , HAE1T ,25,"5,32",-- ,133,EUR ,160,160,Atsiskaitytas ,2018-01-09,[Peržiūrėti] [Sandorio patvirtinimo dokumentas]
18-01-05 11:24,Pardavimo sandoris , HAE1T ,30,"5,32",2,"157,6",EUR ,160,160,Atsiskaitytas ,2018-01-09,[Peržiūrėti] [Sandorio patvirtinimo dokumentas]
18-01-05 11:17,Pirkimo sandoris , AMG1L ,42,"1,42",2,"61,64",EUR ,128,600,Atsiskaitytas ,2018-01-09,[Peržiūrėti] [Sandorio patvirtinimo dokumentas]
18-01-05 10:08,Pirkimo sandoris , AUG1L ,2000,"0,63","3,15","1263,15",EUR ,2000,7000,Atsiskaitytas ,2018-01-09,[Peržiūrėti] [Sandorio patvirtinimo dokumentas]
18-01-05 10:00,Pardavimo sandoris , SAF1R ,18,"6,75",-- ,"121,5",EUR ,55,55,Atsiskaitytas ,2018-01-09,[Peržiūrėti] [Sandorio patvirtinimo dokumentas]
18-01-05 10:00,Pirkimo sandoris , TEL1L ,900,"0,97","2,18","875,18",EUR ,900,900,Atsiskaitytas ,2018-01-09,[Peržiūrėti] [Sandorio patvirtinimo dokumentas]
18-01-04 15:59,Pardavimo sandoris , AUG1L ,500,"0,625",-- ,"312,5",EUR ,1132,1575,Atsiskaitytas ,2018-01-08,[Peržiūrėti] [Sandorio patvirtinimo dokumentas]
18-01-04 15:46,Pardavimo sandoris , SAF1R ,37,"6,75",2,"247,75",EUR ,55,55,Atsiskaitytas ,2018-01-08,[Peržiūrėti] [Sandorio patvirtinimo dokumentas]
18-01-04 15:44,Pirkimo sandoris , TEL1L ,900,"0,972","2,19","876,99",EUR ,900,900,Atsiskaitytas ,2018-01-08,[Peržiūrėti] [Sandorio patvirtinimo dokumentas]
18-01-04 15:27,Pardavimo sandoris , HAE1T ,13,"5,34","0,17","69,25",EUR ,370,370,Atsiskaitytas ,2018-01-08,[Peržiūrėti] [Sandorio patvirtinimo dokumentas]
18-01-04 14:20,Pardavimo sandoris , AUG1L ,632,"0,625",2,393,EUR ,1132,1575,Atsiskaitytas ,2018-01-08,[Peržiūrėti] [Sandorio patvirtinimo dokumentas]
18-01-04 14:08,Pirkimo sandoris , GRD1R ,83,"7,1",2,"591,3",EUR ,83,120,Atsiskaitytas ,2018-01-08,[Peržiūrėti] [Sandorio patvirtinimo dokumentas]
18-01-04 14:02,Pardavimo sandoris , AUG1L ,1500,"0,625","2,34","935,16",EUR ,1500,1500,Atsiskaitytas ,2018-01-08,[Peržiūrėti] [Sandorio patvirtinimo dokumentas]
18-01-04 13:28,Pardavimo sandoris , AUG1L ,109,"0,615","0,17","66,87",EUR ,1500,1500,Atsiskaitytas ,2018-01-08,[Peržiūrėti] [Sandorio patvirtinimo dokumentas]
18-01-04 13:25,Pardavimo sandoris , AUG1L ,1391,"0,615","2,14","853,33",EUR ,1500,1500,Atsiskaitytas ,2018-01-08,[Peržiūrėti] [Sandorio patvirtinimo dokumentas]
18-01-04 13:15,Pardavimo sandoris , AUG1L ,1500,"0,61","2,29","912,71",EUR ,1500,1500,Atsiskaitytas ,2018-01-08,[Peržiūrėti] [Sandorio patvirtinimo dokumentas]
18-01-04 12:44,Pirkimo sandoris , ESO1L ,2500,"0,864","5,4","2165,4",EUR ,2500,2500,Atsiskaitytas ,2018-01-08,[Peržiūrėti] [Sandorio patvirtinimo dokumentas]
18-01-04 12:34,Pirkimo sandoris , TAL1T ,363,"1,23",2,"448,49",EUR ,363,700,Atsiskaitytas ,2018-01-08,[Peržiūrėti] [Sandorio patvirtinimo dokumentas]
18-01-04 11:12,Pardavimo sandoris , VSS1R ,176,"3,7","0,04","651,16",EUR ,220,220,Atsiskaitytas ,2018-01-08,[Peržiūrėti] [Sandorio patvirtinimo dokumentas]
18-01-04 10:57,Pardavimo sandoris , HAE1T ,92,"5,34","1,23","490,05",EUR ,370,370,Atsiskaitytas ,2018-01-08,[Peržiūrėti] [Sandorio patvirtinimo dokumentas]
18-01-04 10:55,Pardavimo sandoris , HAE1T ,200,"5,34","1,54","1066,46",EUR ,370,370,Atsiskaitytas ,2018-01-08,[Peržiūrėti] [Sandorio patvirtinimo dokumentas]
18-01-04 10:55,Pardavimo sandoris , HAE1T ,65,"5,34",2,"345,1",EUR ,370,370,Atsiskaitytas ,2018-01-08,[Peržiūrėti] [Sandorio patvirtinimo dokumentas]
18-01-04 10:05,Pardavimo sandoris , HAE1T ,88,"5,3","0,52","465,88",EUR ,190,190,Atsiskaitytas ,2018-01-08,[Peržiūrėti] [Sandorio patvirtinimo dokumentas]
18-01-04 10:00,Pardavimo sandoris , HAE1T ,101,"5,3",-- ,"535,3",EUR ,190,190,Atsiskaitytas ,2018-01-08,[Peržiūrėti] [Sandorio patvirtinimo dokumentas]
18-01-04 10:00,Pardavimo sandoris , HAE1T ,1,"5,3",2,"3,3",EUR ,190,190,Atsiskaitytas ,2018-01-08,[Peržiūrėti] [Sandorio patvirtinimo dokumentas]
18-01-03 15:06,Pirkimo sandoris , HAE1T ,1,"5,2",-- ,"5,2",EUR ,150,150,Atsiskaitytas ,2018-01-05,[Peržiūrėti] [Sandorio patvirtinimo dokumentas]
18-01-03 14:56,Pardavimo sandoris , AUG1L ,2000,"0,585","2,93","1167,07",EUR ,2000,2000,Atsiskaitytas ,2018-01-05,[Peržiūrėti] [Sandorio patvirtinimo dokumentas]
18-01-03 14:22,Pirkimo sandoris , TAL1T ,1000,"1,255","3,14","1258,14",EUR ,1000,1000,Atsiskaitytas ,2018-01-05,[Peržiūrėti] [Sandorio patvirtinimo dokumentas]
18-01-03 14:01,Pirkimo sandoris , HAE1T ,149,"5,2",2,"776,8",EUR ,150,150,Atsiskaitytas ,2018-01-05,[Peržiūrėti] [Sandorio patvirtinimo dokumentas]
18-01-03 13:47,Pardavimo sandoris , HAE1T ,160,"5,3","2,12","845,88",EUR ,160,160,Atsiskaitytas ,2018-01-05,[Peržiūrėti] [Sandorio patvirtinimo dokumentas]
18-01-03 13:34,Pardavimo sandoris , AUG1L ,644,"0,58","0,18","373,34",EUR ,1500,1500,Atsiskaitytas ,2018-01-05,[Peržiūrėti] [Sandorio patvirtinimo dokumentas]
18-01-03 13:31,Pardavimo sandoris , AUG1L ,500,"0,58",-- ,290,EUR ,1500,1500,Atsiskaitytas ,2018-01-05,[Peržiūrėti] [Sandorio patvirtinimo dokumentas]
18-01-03 13:30,Pardavimo sandoris , AUG1L ,327,"0,58",-- ,"189,66",EUR ,1500,1500,Atsiskaitytas ,2018-01-05,[Peržiūrėti] [Sandorio patvirtinimo dokumentas]
18-01-03 13:15,Pardavimo sandoris , VSS1R ,44,"3,7",2,"160,8",EUR ,220,220,Atsiskaitytas ,2018-01-05,[Peržiūrėti] [Sandorio patvirtinimo dokumentas]
18-01-03 13:14,Pardavimo sandoris , AUG1L ,29,"0,58",2,"14,82",EUR ,1500,1500,Atsiskaitytas ,2018-01-05,[Peržiūrėti] [Sandorio patvirtinimo dokumentas]
18-01-02 15:05,Pardavimo sandoris , VSS1R ,450,"3,68","3,52","1652,48",EUR ,600,600,Atsiskaitytas ,2018-01-04,[Peržiūrėti] [Sandorio patvirtinimo dokumentas]
18-01-02 15:05,Pardavimo sandoris , VSS1R ,135,"3,68",-- ,"496,8",EUR ,600,600,Atsiskaitytas ,2018-01-04,[Peržiūrėti] [Sandorio patvirtinimo dokumentas]
18-01-02 14:55,Pirkimo sandoris , HAE1T ,88,"5,06","1,11","446,39",EUR ,800,800,Atsiskaitytas ,2018-01-04,[Peržiūrėti] [Sandorio patvirtinimo dokumentas]
18-01-02 14:24,Pirkimo sandoris , TEL1L ,228,"0,96",2,"220,88",EUR ,228,1000,Atsiskaitytas ,2018-01-04,[Peržiūrėti] [Sandorio patvirtinimo dokumentas]
18-01-02 14:08,Pirkimo sandoris , HAE1T ,222,"5,06","2,81","1126,13",EUR ,800,800,Atsiskaitytas ,2018-01-04,[Peržiūrėti] [Sandorio patvirtinimo dokumentas]
18-01-02 14:08,Pirkimo sandoris , HAE1T ,490,"5,06","6,2","2485,6",EUR ,800,800,Atsiskaitytas ,2018-01-04,[Peržiūrėti] [Sandorio patvirtinimo dokumentas]
18-01-02 13:49,Pirkimo sandoris , SAF1R ,55,"6,3",-- ,"346,5",EUR ,73,125,Atsiskaitytas ,2018-01-04,[Peržiūrėti] [Sandorio patvirtinimo dokumentas]
18-01-02 13:42,Pardavimo sandoris , VSS1R ,15,"3,68",2,"53,2",EUR ,600,600,Atsiskaitytas ,2018-01-04,[Peržiūrėti] [Sandorio patvirtinimo dokumentas]
18-01-02 12:50,Pardavimo sandoris , AUG1L ,1440,"0,55","1,98","790,02",EUR ,7000,7000,Atsiskaitytas ,2018-01-04,[Peržiūrėti] [Sandorio patvirtinimo dokumentas] 
